S0116214,카페/디저트,4421010900,충청남도,서산시,예천동,\N,4421055000,석남동,442103254203,호수공원4로
S0116217,치킨,4127110200,경기도,안산시 상록구,이동,\N,4127151500,이동,412713190087,매화로
S0116219,카페/디저트,4115010600,경기도,의정부시,민락동,\N,4115057800,송산3동,411504343540,오목로225번길
S0116220,카페/디저트,4115010600,경기도,의정부시,민락동,\N,4115057800,송산3동,411504343540,오목로225번길
S0116228,야식,4119011500,경기도,부천시,옥길동,\N,4119079500,범안동,411903186021,양지로
S0116229,찜탕,1154510300,서울특별시,금천구,시흥동,\N,1154567000,시흥1동,115453117004,독산로
S0116234,돈까스/일식,4117310400,경기도,안양시 동안구,호계동,\N,4117361000,범계동,411734349200,평촌대로217번길
S0116235,돈까스/일식,4117310400,경기도,안양시 동안구,호계동,\N,4117361000,범계동,411734349200,평촌대로217번길
S0116236,돈까스/일식,4117310400,경기도,안양시 동안구,호계동,\N,4117361000,범계동,411734349200,평촌대로217번길
S0116239,도시락,4817011900,경상남도,진주시,상대동,\N,4817067300,상대동,481703332023,모덕로
S0116240,중식,4115010100,경기도,의정부시,의정부동,\N,4115059500,가능동,411503181002,가능로
S0116241,중식,4115010100,경기도,의정부시,의정부동,\N,4115059500,가능동,411503181002,가능로
S0116242,중식,4115010100,경기도,의정부시,의정부동,\N,4115059500,가능동,411503181002,가능로
S0116243,족발/보쌈,4161025027,경기도,광주시,오포읍,양벌리,4161025000,오포읍,416103211017,양벌로
S0116247,돈까스/일식,1154510200,서울특별시,금천구,독산동,\N,1154561000,독산1동,115453116013,벚꽃로
S0116250,돈까스/일식,4715010800,경상북도,김천시,신음동,\N,4715057500,대신동,471504718581,신양3길
S0116251,돈까스/일식,4817013200,경상남도,진주시,호탄동,\N,4817074000,가호동,481704797668,호탄길13번길
S0116252,중식,4421010800,충청남도,서산시,석남동,\N,4421055000,석남동,442103254037,동서1로
S0116254,카페/디저트,4115010600,경기도,의정부시,민락동,\N,4115057600,송산2동,411504343290,용현로120번길
S0116255,카페/디저트,4115010600,경기도,의정부시,민락동,\N,4115057600,송산2동,411504343290,용현로120번길
S0116256,카페/디저트,4115010600,경기도,의정부시,민락동,\N,4115057600,송산2동,411504343289,용현로105번길
S0116257,카페/디저트,4115010600,경기도,의정부시,민락동,\N,4115057600,송산2동,411504343289,용현로105번길
S0116258,카페/디저트,4115010600,경기도,의정부시,민락동,\N,4115057600,송산2동,411504343289,용현로105번길
S0116259,치킨,4117110200,경기도,안양시 만안구,석수동,\N,4117160000,석수2동,411713182012,석천로
S0116260,중식,4115010600,경기도,의정부시,민락동,\N,4115057800,송산3동,411504343540,오목로225번길
S0116261,중식,4115010600,경기도,의정부시,민락동,\N,4115057800,송산3동,411504343540,오목로225번길
S0116262,중식,4115010600,경기도,의정부시,민락동,\N,4115057800,송산3동,411504343540,오목로225번길
S0116263,중식,4115010600,경기도,의정부시,민락동,\N,4115057800,송산3동,411504343540,오목로225번길
S0116264,중식,4115010600,경기도,의정부시,민락동,\N,4115057800,송산3동,411504343540,오목로225번길
S0116265,중식,4115010600,경기도,의정부시,민락동,\N,4115057800,송산3동,411504343540,오목로225번길
S0116266,중식,4115010600,경기도,의정부시,민락동,\N,4115057800,송산3동,411504343540,오목로225번길
S0116267,중식,4115010600,경기도,의정부시,민락동,\N,4115057800,송산3동,411504343540,오목로225번길
S0116268,중식,4115010600,경기도,의정부시,민락동,\N,4115057800,송산3동,411504343540,오목로225번길
S0116269,중식,4115010600,경기도,의정부시,민락동,\N,4115057800,송산3동,411504343540,오목로225번길
S0116270,중식,4115010600,경기도,의정부시,민락동,\N,4115057800,송산3동,411504343540,오목로225번길
S0116271,중식,4115010600,경기도,의정부시,민락동,\N,4115057800,송산3동,411504343540,오목로225번길
S0116275,돈까스/일식,4315011600,충청북도,제천시,장락동,\N,4315051000,교동,431504854555,장락로1길
S0116283,분식,4139012400,경기도,시흥시,조남동,\N,4139057000,목감동,413903350920,목감둘레로
S0116285,도시락,4115011100,경기도,의정부시,녹양동,\N,4115062000,녹양동,411504343169,비우로92번길
S0116288,야식,4617025023,전라남도,나주시,남평읍,동사리,4617025000,남평읍,461704685312,강변2길
S0116291,피자,4115010100,경기도,의정부시,의정부동,\N,4115051000,의정부1동,411504343377,태평로24번길
S0116292,돈까스/일식,1162010100,서울특별시,관악구,봉천동,\N,1162054500,청림동,116204160741,청림길
S0116294,족발/보쌈,1154510100,서울특별시,금천구,가산동,\N,1154551000,가산동,115453117003,가산로
S0116297,족발/보쌈,4115010100,경기도,의정부시,의정부동,\N,4115051000,의정부1동,411503215066,평화로
S0116299,패스트푸드,4115010200,경기도,의정부시,호원동,\N,4115055500,호원2동,411503215066,평화로
S0116300,패스트푸드,4115010200,경기도,의정부시,호원동,\N,4115055500,호원2동,411503215066,평화로
S0116303,카페/디저트,4115010600,경기도,의정부시,민락동,\N,4115057600,송산2동,411504343295,용현로160번길
S0116304,족발/보쌈,4115010400,경기도,의정부시,신곡동,\N,4115056800,신곡2동,411503181039,장곡로
S0116307,분식,3171025622,울산광역시,울주군,온양읍,대안리,3171025600,온양읍,317103173017,남창강변로
S0116308,분식,3171025622,울산광역시,울주군,온양읍,대안리,3171025600,온양읍,317103173017,남창강변로
S0116313,피자,4115010100,경기도,의정부시,의정부동,\N,4115051000,의정부1동,411503215066,평화로
S0116314,피자,4115010100,경기도,의정부시,의정부동,\N,4115051000,의정부1동,411503215066,평화로
S0116320,야식,4115010500,경기도,의정부시,용현동,\N,4115057300,송산1동,411504343277,오목로18번길
S0116321,야식,4115010500,경기도,의정부시,용현동,\N,4115057300,송산1동,411504343277,오목로18번길
S0116326,치킨,4115010100,경기도,의정부시,의정부동,\N,4115052000,의정부2동,\N,\N
S0116327,치킨,4115010100,경기도,의정부시,의정부동,\N,4115052000,의정부2동,\N,\N
S0116329,중식,4115010500,경기도,의정부시,용현동,\N,4115057300,송산1동,411503181050,충의로
S0116330,중식,4115010500,경기도,의정부시,용현동,\N,4115057300,송산1동,411503181050,충의로
S0116331,한식,4115011300,경기도,의정부시,산곡동,\N,4115057300,송산1동,\N,\N
S0116332,피자,4115010100,경기도,의정부시,의정부동,\N,4115051000,의정부1동,411503181062,태평로
S0116333,피자,4115010100,경기도,의정부시,의정부동,\N,4115051000,의정부1동,411503181062,태평로
S0116334,야식,4719010100,경상북도,구미시,원평동,\N,4719053500,원평동,471904724066,구미중앙로17길
S0116340,카페/디저트,4115010600,경기도,의정부시,민락동,\N,4115057800,송산3동,411504343540,오목로225번길
S0116342,돈까스/일식,1154510200,서울특별시,금천구,독산동,\N,1154563000,독산3동,115453117009,문성로
S0116343,돈까스/일식,4723010300,경상북도,영천시,야사동,\N,4723051000,동부동,472303307052,충효로
S0116348,카페/디저트,4115010600,경기도,의정부시,민락동,\N,4115057800,송산3동,411504343540,오목로225번길
S0116355,돈까스/일식,4715010800,경상북도,김천시,신음동,\N,4715057500,대신동,471504718582,신양4길
S0116358,한식,4115011000,경기도,의정부시,가능동,\N,4115059500,가능동,411503181002,가능로
S0116366,돈까스/일식,4715010400,경상북도,김천시,성내동,\N,4715051600,자산동,471503306030,자산로
S0116367,돈까스/일식,4715010400,경상북도,김천시,성내동,\N,4715051600,자산동,471503306030,자산로
S0116368,돈까스/일식,4715010400,경상북도,김천시,성내동,\N,4715051600,자산동,471503306030,자산로
S0116369,치킨,4115011300,경기도,의정부시,산곡동,\N,4115057300,송산1동,\N,\N
S0116370,치킨,4115011300,경기도,의정부시,산곡동,\N,4115057300,송산1동,\N,\N
S0116371,한식,5013010100,제주특별자치도,서귀포시,서귀동,\N,5013053000,중앙동,501303349235,일주동로
S0116372,패스트푸드,4115010400,경기도,의정부시,신곡동,\N,4115056700,신곡1동,411503000001,동일로
S0116373,패스트푸드,4115010400,경기도,의정부시,신곡동,\N,4115056700,신곡1동,411503000001,동일로
S0116374,패스트푸드,4115010400,경기도,의정부시,신곡동,\N,4115056700,신곡1동,411503000001,동일로
S0116375,야식,4421010900,충청남도,서산시,예천동,\N,4421055000,석남동,442103254208,호수공원9로
S0116379,카페/디저트,4115010600,경기도,의정부시,민락동,\N,4115057800,송산3동,411504343540,오목로225번길
S0116380,카페/디저트,4115010600,경기도,의정부시,민락동,\N,4115057800,송산3동,411504343540,오목로225번길
S0116381,카페/디저트,4115010600,경기도,의정부시,민락동,\N,4115057800,송산3동,411504343540,오목로225번길
S0116382,찜탕,4161025027,경기도,광주시,오포읍,양벌리,4161025000,오포읍,416103211017,양벌로
S0116383,치킨,4115010400,경기도,의정부시,신곡동,\N,4115056800,신곡2동,411504343353,추동로5번길
S0116386,치킨,2644010400,부산광역시,강서구,명지동,\N,2644053500,명지1동,264403350857,명지국제5로
S0116388,치킨,4121010300,경기도,광명시,하안동,\N,4121063100,하안1동,412104361207,안재로6번길
S0116389,야식,4115010100,경기도,의정부시,의정부동,\N,4115052000,의정부2동,411503181029,신흥로
S0116390,카페/디저트,4115010600,경기도,의정부시,민락동,\N,4115057800,송산3동,411503181033,오목로
S0116391,돈까스/일식,1154510200,서울특별시,금천구,독산동,\N,1154563000,독산3동,115453117009,문성로
S0116392,찜탕,4115010900,경기도,의정부시,금오동,\N,4115058000,자금동,411504343342,청사로47번길
S0116393,치킨,4161025027,경기도,광주시,오포읍,양벌리,4161025000,오포읍,416103211017,양벌로
S0116394,치킨,4115010100,경기도,의정부시,의정부동,\N,4115051000,의정부1동,411503181062,태평로
S0116395,아시안/양식,1154510100,서울특별시,금천구,가산동,\N,1154551000,가산동,115454151222,벚꽃로24길
S0116396,치킨,2644010400,부산광역시,강서구,명지동,\N,2644053500,명지1동,264403350857,명지국제5로
S0116398,돈까스/일식,4413325022,충청남도,천안시 서북구,성환읍,성월리,4413325000,성환읍,441334550338,성월1길
S0116399,돈까스/일식,1162010100,서울특별시,관악구,봉천동,\N,1162060500,은천동,116203005083,봉천로
S0116413,돈까스/일식,4413325021,충청남도,천안시 서북구,성환읍,성환리,4413325000,성환읍,441333250033,성환2로
S0116414,한식,3171025622,울산광역시,울주군,온양읍,대안리,3171025600,온양읍,317103173086,화산발리로
S0116415,한식,3171025622,울산광역시,울주군,온양읍,대안리,3171025600,온양읍,317103173086,화산발리로
S0116417,돈까스/일식,2823710700,인천광역시,부평구,부개동,\N,2823766000,부개2동,282374262350,부일로113번길
S0116420,한식,4421010200,충청남도,서산시,동문동,\N,4421053500,동문2동,442103254127,율지3로
S0116421,족발/보쌈,1153010200,서울특별시,구로구,구로동,\N,1153054000,구로3동,115304148329,디지털로27길
S0116422,야식,4141010500,경기도,군포시,금정동,\N,4141056000,금정동,414104400264,산본천로226번길
S0116423,아시안/양식,4159014000,경기도,화성시,새솔동,\N,4159051500,새솔동,415903351754,꽃내음1길
S0116426,아시안/양식,4121010100,경기도,광명시,광명동,\N,4121058000,광명7동,412103187064,새터로
S0116427,야식,4121010100,경기도,광명시,광명동,\N,4121058000,광명7동,412103187064,새터로
S0116428,분식,4115010600,경기도,의정부시,민락동,\N,4115057600,송산2동,411503181056,효자로
S0116429,분식,4115010600,경기도,의정부시,민락동,\N,4115057600,송산2동,411503181056,효자로
S0116430,한식,4115010200,경기도,의정부시,호원동,\N,4115055500,호원2동,411504343489,회룡로137번길
S0116431,중식,4817011900,경상남도,진주시,상대동,\N,4817067300,상대동,481703332026,상대로
S0116434,분식,4115010900,경기도,의정부시,금오동,\N,4115058000,자금동,411503000136,호국로
S0116442,돈까스/일식,4723010500,경상북도,영천시,문외동,\N,4723052000,중앙동,472303018037,호국로
S0116444,돈까스/일식,4413325021,충청남도,천안시 서북구,성환읍,성환리,4413325000,성환읍,441333250034,성환3로
S0116445,한식,2629010700,부산광역시,남구,용호동,\N,2629057000,용호1동,262903131015,분포로
S0116451,한식,4115010400,경기도,의정부시,신곡동,\N,4115056700,신곡1동,411504343516,발곡로23번길
S0116452,야식,4617025023,전라남도,나주시,남평읍,동사리,4617025000,남평읍,461704685313,강변1길
S0116454,한식,4115010100,경기도,의정부시,의정부동,\N,4115051000,의정부1동,411504343460,호국로1309번길
S0116455,한식,4115010100,경기도,의정부시,의정부동,\N,4115051000,의정부1동,411504343460,호국로1309번길
S0116456,카페/디저트,4121010100,경기도,광명시,광명동,\N,4121056000,광명5동,412104361072,광오로9번길
S0116457,돈까스/일식,1154510300,서울특별시,금천구,시흥동,\N,1154567000,시흥1동,115454151315,시흥대로50길
S0116458,돈까스/일식,4119010900,경기도,부천시,상동,\N,4119074400,상동,411903184006,상일로
S0116459,패스트푸드,1159010700,서울특별시,동작구,사당동,\N,1159063000,사당2동,115904157120,동작대로27길
S0116463,도시락,4121010100,경기도,광명시,광명동,\N,4121058000,광명7동,412103187019,도덕로
S0116464,야식,4719010100,경상북도,구미시,원평동,\N,4719053500,원평동,471903304010,문화로
S0116477,카페/디저트,4421010900,충청남도,서산시,예천동,\N,4421055000,석남동,\N,\N
S0116484,분식,4115011100,경기도,의정부시,녹양동,\N,4115062000,녹양동,411504343169,비우로92번길
S0116485,돈까스/일식,4723010300,경상북도,영천시,야사동,\N,4723051000,동부동,472304730301,상록2길
S0116487,한식,4115010600,경기도,의정부시,민락동,\N,4115057800,송산3동,411504343540,오목로225번길
S0116488,한식,4773025021,경상북도,의성군,의성읍,후죽리,4773025000,의성읍,477304745174,문소3길
S0116489,돈까스/일식,4715011400,경상북도,김천시,부곡동,\N,4715059500,대곡동,471504718988,후생길
S0116490,찜탕,4773025025,경상북도,의성군,의성읍,도서리,4773025000,의성읍,477304745475,중앙길
S0116491,한식,4773025021,경상북도,의성군,의성읍,후죽리,4773025000,의성읍,477304745174,문소3길
S0116492,한식,4773025021,경상북도,의성군,의성읍,후죽리,4773025000,의성읍,477304745141,동서2길
S0116493,한식,4773025021,경상북도,의성군,의성읍,후죽리,4773025000,의성읍,477304745174,문소3길
S0116494,치킨,4773025022,경상북도,의성군,의성읍,중리리,4773025000,의성읍,477304745053,군청길
S0116495,한식,4773025021,경상북도,의성군,의성읍,후죽리,4773025000,의성읍,477303315010,홍술로
S0116496,한식,4773025021,경상북도,의성군,의성읍,후죽리,4773025000,의성읍,477304745174,문소3길
S0116497,한식,4773025021,경상북도,의성군,의성읍,후죽리,4773025000,의성읍,477304745174,문소3길
S0116498,한식,4773025021,경상북도,의성군,의성읍,후죽리,4773025000,의성읍,477304745141,동서2길
S0116500,한식,4773025021,경상북도,의성군,의성읍,후죽리,4773025000,의성읍,477304745174,문소3길
S0116501,한식,4773025021,경상북도,의성군,의성읍,후죽리,4773025000,의성읍,477304745174,문소3길
S0116502,분식,4773025022,경상북도,의성군,의성읍,중리리,4773025000,의성읍,477304745053,군청길
S0116503,한식,4773025024,경상북도,의성군,의성읍,도동리,4773025000,의성읍,477304745475,중앙길
S0116504,한식,4773025021,경상북도,의성군,의성읍,후죽리,4773025000,의성읍,477304745174,문소3길
S0116505,한식,4773025021,경상북도,의성군,의성읍,후죽리,4773025000,의성읍,477304745174,문소3길
S0116506,한식,4773025021,경상북도,의성군,의성읍,후죽리,4773025000,의성읍,477304745174,문소3길
S0116507,한식,4773025021,경상북도,의성군,의성읍,후죽리,4773025000,의성읍,477304745174,문소3길
S0116508,치킨,4773025022,경상북도,의성군,의성읍,중리리,4773025000,의성읍,477304745172,문소1길
S0116510,한식,4773025021,경상북도,의성군,의성읍,후죽리,4773025000,의성읍,477304745475,중앙길
S0116511,한식,4773025021,경상북도,의성군,의성읍,후죽리,4773025000,의성읍,477304745173,문소2길
S0116512,야식,4773025023,경상북도,의성군,의성읍,상리리,4773025000,의성읍,477304745140,동서1길
S0116513,돈까스/일식,4715011400,경상북도,김천시,부곡동,\N,4715059500,대곡동,471504718988,후생길
S0116514,한식,4773025021,경상북도,의성군,의성읍,후죽리,4773025000,의성읍,477304745174,문소3길
S0116515,한식,4773025021,경상북도,의성군,의성읍,후죽리,4773025000,의성읍,477304745174,문소3길
S0116516,한식,4773025021,경상북도,의성군,의성읍,후죽리,4773025000,의성읍,477304745174,문소3길
S0116517,한식,4773025021,경상북도,의성군,의성읍,후죽리,4773025000,의성읍,477304745345,염매시장길
S0116518,한식,4773025021,경상북도,의성군,의성읍,후죽리,4773025000,의성읍,477304745174,문소3길
S0116520,한식,4773025021,경상북도,의성군,의성읍,후죽리,4773025000,의성읍,477304745174,문소3길
S0116521,찜탕,4773025022,경상북도,의성군,의성읍,중리리,4773025000,의성읍,477304745472,중리길
S0116522,한식,4773025021,경상북도,의성군,의성읍,후죽리,4773025000,의성읍,477304745174,문소3길
S0116523,한식,4773025021,경상북도,의성군,의성읍,후죽리,4773025000,의성읍,\N,\N
S0116524,한식,4773025021,경상북도,의성군,의성읍,후죽리,4773025000,의성읍,477304745174,문소3길
S0116525,한식,4773025021,경상북도,의성군,의성읍,후죽리,4773025000,의성읍,477304745475,중앙길
S0116526,한식,4773025021,경상북도,의성군,의성읍,후죽리,4773025000,의성읍,477304745174,문소3길
S0116527,한식,4773025021,경상북도,의성군,의성읍,후죽리,4773025000,의성읍,477304745475,중앙길
S0116529,족발/보쌈,4773025024,경상북도,의성군,의성읍,도동리,4773025000,의성읍,477304745475,중앙길
S0116530,치킨,4773025024,경상북도,의성군,의성읍,도동리,4773025000,의성읍,477304745454,전통시장2길
S0116531,돈까스/일식,4715011400,경상북도,김천시,부곡동,\N,4715059500,대곡동,471504718988,후생길
S0116533,한식,4773025021,경상북도,의성군,의성읍,후죽리,4773025000,의성읍,477304745174,문소3길
S0116534,한식,4773025021,경상북도,의성군,의성읍,후죽리,4773025000,의성읍,477304745174,문소3길
S0116535,한식,4773025021,경상북도,의성군,의성읍,후죽리,4773025000,의성읍,477304745174,문소3길
S0116536,돈까스/일식,4723010300,경상북도,영천시,야사동,\N,4723051000,동부동,472304730210,모란3길
S0116537,치킨,4115010400,경기도,의정부시,신곡동,\N,4115056800,신곡2동,411504343344,청사로5번길
S0116538,찜탕,4115011000,경기도,의정부시,가능동,\N,4115061500,흥선동,411503181037,의정로
S0116540,야식,4122025924,경기도,평택시,청북읍,옥길리,4122025900,청북읍,412204364458,안청로2길
S0116541,야식,4122025924,경기도,평택시,청북읍,옥길리,4122025900,청북읍,412204364458,안청로2길
S0116542,분식,4159014000,경기도,화성시,새솔동,\N,4159051500,새솔동,\N,\N
S0116543,돈까스/일식,4723010500,경상북도,영천시,문외동,\N,4723052000,중앙동,472303018037,호국로
S0116544,돈까스/일식,4723010500,경상북도,영천시,문외동,\N,4723052000,중앙동,472303018037,호국로
S0116545,돈까스/일식,4723010500,경상북도,영천시,문외동,\N,4723052000,중앙동,472303018037,호국로
S0116546,돈까스/일식,4723010500,경상북도,영천시,문외동,\N,4723052000,중앙동,472303018037,호국로
S0116547,돈까스/일식,4723010500,경상북도,영천시,문외동,\N,4723052000,중앙동,472303018037,호국로
S0116548,돈까스/일식,4723010500,경상북도,영천시,문외동,\N,4723052000,중앙동,472303018037,호국로
S0116549,돈까스/일식,4723010500,경상북도,영천시,문외동,\N,4723052000,중앙동,472303018037,호국로
S0116550,돈까스/일식,4723010500,경상북도,영천시,문외동,\N,4723052000,중앙동,472303018037,호국로
S0116551,돈까스/일식,4723010500,경상북도,영천시,문외동,\N,4723052000,중앙동,472303018037,호국로
S0116552,돈까스/일식,4723010500,경상북도,영천시,문외동,\N,4723052000,중앙동,472303018037,호국로
S0116553,돈까스/일식,4723010500,경상북도,영천시,문외동,\N,4723052000,중앙동,472303018037,호국로
S0116554,돈까스/일식,4723010500,경상북도,영천시,문외동,\N,4723052000,중앙동,472303018037,호국로
S0116555,돈까스/일식,4723010500,경상북도,영천시,문외동,\N,4723052000,중앙동,472303018037,호국로
S0116556,돈까스/일식,4723010500,경상북도,영천시,문외동,\N,4723052000,중앙동,472303018037,호국로
S0116557,돈까스/일식,4723010500,경상북도,영천시,문외동,\N,4723052000,중앙동,472303018037,호국로
S0116558,돈까스/일식,4723010500,경상북도,영천시,문외동,\N,4723052000,중앙동,472303018037,호국로
S0116559,돈까스/일식,4723010500,경상북도,영천시,문외동,\N,4723052000,중앙동,472303018037,호국로
S0116560,돈까스/일식,4723010500,경상북도,영천시,문외동,\N,4723052000,중앙동,472303018037,호국로
S0116561,돈까스/일식,4723010500,경상북도,영천시,문외동,\N,4723052000,중앙동,472303018037,호국로
S0116562,돈까스/일식,4723010500,경상북도,영천시,문외동,\N,4723052000,중앙동,472303018037,호국로
S0116563,돈까스/일식,4723010500,경상북도,영천시,문외동,\N,4723052000,중앙동,472303018037,호국로
S0116564,돈까스/일식,4723010500,경상북도,영천시,문외동,\N,4723052000,중앙동,472303018037,호국로
S0116565,돈까스/일식,4723010500,경상북도,영천시,문외동,\N,4723052000,중앙동,472303018037,호국로
S0116566,돈까스/일식,4723010500,경상북도,영천시,문외동,\N,4723052000,중앙동,472303018037,호국로
S0116567,돈까스/일식,4723010500,경상북도,영천시,문외동,\N,4723052000,중앙동,472303018037,호국로
S0116568,돈까스/일식,4723010500,경상북도,영천시,문외동,\N,4723052000,중앙동,472303018037,호국로
S0116569,돈까스/일식,4723010500,경상북도,영천시,문외동,\N,4723052000,중앙동,472303018037,호국로
S0116570,돈까스/일식,4723010500,경상북도,영천시,문외동,\N,4723052000,중앙동,472303018037,호국로
S0116571,돈까스/일식,4723010500,경상북도,영천시,문외동,\N,4723052000,중앙동,472303018037,호국로
S0116572,돈까스/일식,4723010500,경상북도,영천시,문외동,\N,4723052000,중앙동,472303018037,호국로
S0116573,돈까스/일식,4723010500,경상북도,영천시,문외동,\N,4723052000,중앙동,472303018037,호국로
S0116574,돈까스/일식,4723010500,경상북도,영천시,문외동,\N,4723052000,중앙동,472303018037,호국로
S0116575,돈까스/일식,4723010500,경상북도,영천시,문외동,\N,4723052000,중앙동,472303018037,호국로
S0116576,돈까스/일식,4723010500,경상북도,영천시,문외동,\N,4723052000,중앙동,472303018037,호국로
S0116577,돈까스/일식,4723010500,경상북도,영천시,문외동,\N,4723052000,중앙동,472303018037,호국로
S0116578,돈까스/일식,4723010500,경상북도,영천시,문외동,\N,4723052000,중앙동,472303018037,호국로
S0116579,돈까스/일식,4723010500,경상북도,영천시,문외동,\N,4723052000,중앙동,472303018037,호국로
S0116580,돈까스/일식,4723010500,경상북도,영천시,문외동,\N,4723052000,중앙동,472303018037,호국로
S0116581,돈까스/일식,4723010500,경상북도,영천시,문외동,\N,4723052000,중앙동,472303018037,호국로
S0116582,돈까스/일식,4723010500,경상북도,영천시,문외동,\N,4723052000,중앙동,472303018037,호국로
S0116583,돈까스/일식,4723010500,경상북도,영천시,문외동,\N,4723052000,중앙동,472303018037,호국로
S0116584,돈까스/일식,4723010500,경상북도,영천시,문외동,\N,4723052000,중앙동,472303018037,호국로
S0116585,돈까스/일식,4723010500,경상북도,영천시,문외동,\N,4723052000,중앙동,472303018037,호국로
S0116586,돈까스/일식,4723010500,경상북도,영천시,문외동,\N,4723052000,중앙동,472303018037,호국로
S0116587,돈까스/일식,4723010500,경상북도,영천시,문외동,\N,4723052000,중앙동,472303018037,호국로
S0116588,돈까스/일식,4723010500,경상북도,영천시,문외동,\N,4723052000,중앙동,472303018037,호국로
S0116589,돈까스/일식,4723010500,경상북도,영천시,문외동,\N,4723052000,중앙동,472303018037,호국로
S0116590,돈까스/일식,4723010500,경상북도,영천시,문외동,\N,4723052000,중앙동,472303018037,호국로
S0116591,돈까스/일식,4723010500,경상북도,영천시,문외동,\N,4723052000,중앙동,472303018037,호국로
S0116592,패스트푸드,4115010200,경기도,의정부시,호원동,\N,4115054500,호원1동,411503215066,평화로
S0116596,카페/디저트,4115010600,경기도,의정부시,민락동,\N,4115057600,송산2동,411503181067,송현로
S0116597,카페/디저트,4115010600,경기도,의정부시,민락동,\N,4115057600,송산2동,411503181067,송현로
S0116598,카페/디저트,4115010600,경기도,의정부시,민락동,\N,4115057600,송산2동,411503181067,송현로
S0116599,카페/디저트,4115010600,경기도,의정부시,민락동,\N,4115057600,송산2동,411503181067,송현로
S0116600,야식,4617025023,전라남도,나주시,남평읍,동사리,4617025000,남평읍,461704685312,강변2길
S0116603,돈까스/일식,4161025027,경기도,광주시,오포읍,양벌리,4161025000,오포읍,416103211017,양벌로
S0116604,야식,2644010400,부산광역시,강서구,명지동,\N,2644053500,명지1동,264403350874,명지국제12로
S0116611,한식,4715010500,경상북도,김천시,평화동,\N,4715053600,평화남산동,471503306005,김천로
S0116612,패스트푸드,4115011000,경기도,의정부시,가능동,\N,4115059500,가능동,411503181061,신촌로
S0116613,분식,4163011500,경기도,양주시,고암동,\N,4163055000,회천3동,416304436075,고암길
S0116619,한식,4127110100,경기도,안산시 상록구,일동,\N,4127151000,일동,412713190044,성호로
S0116620,돈까스/일식,4115010600,경기도,의정부시,민락동,\N,4115057800,송산3동,411503181035,용민로
S0116621,돈까스/일식,4119010900,경기도,부천시,상동,\N,4119074400,상동,411903184006,상일로
S0116622,카페/디저트,4115010600,경기도,의정부시,민락동,\N,4115057600,송산2동,411503181056,효자로
S0116623,돈까스/일식,4413325023,충청남도,천안시 서북구,성환읍,매주리,4413325000,성환읍,441334550443,신선동길
S0116624,분식,4315012000,충청북도,제천시,신백동,\N,4315057700,신백동,431502014004,의병대로
S0116625,분식,4115010600,경기도,의정부시,민락동,\N,4115057600,송산2동,411503181033,오목로
S0116626,분식,4115010600,경기도,의정부시,민락동,\N,4115057600,송산2동,411503181033,오목로
S0116627,분식,4115010600,경기도,의정부시,민락동,\N,4115057600,송산2동,411503181033,오목로
S0116628,분식,4115010600,경기도,의정부시,민락동,\N,4115057600,송산2동,411503181033,오목로
S0116629,분식,4115010600,경기도,의정부시,민락동,\N,4115057600,송산2동,411503181033,오목로
S0116630,분식,4115010600,경기도,의정부시,민락동,\N,4115057600,송산2동,411503181033,오목로
S0116631,분식,4115010600,경기도,의정부시,민락동,\N,4115057600,송산2동,411503181033,오목로
S0116632,분식,4115010600,경기도,의정부시,민락동,\N,4115057600,송산2동,411503181033,오목로
S0116633,분식,4115010600,경기도,의정부시,민락동,\N,4115057600,송산2동,411503181033,오목로
S0116634,분식,4115010600,경기도,의정부시,민락동,\N,4115057600,송산2동,411503181033,오목로
S0116636,돈까스/일식,4413325021,충청남도,천안시 서북구,성환읍,성환리,4413325000,성환읍,441333250033,성환2로
S0116638,치킨,4115010400,경기도,의정부시,신곡동,\N,4115056700,신곡1동,411504343103,동일로522번길
S0116639,치킨,4115010400,경기도,의정부시,신곡동,\N,4115056700,신곡1동,411504343103,동일로522번길
S0116643,카페/디저트,4115010100,경기도,의정부시,의정부동,\N,4115051000,의정부1동,411503215066,평화로
S0116646,야식,4122025924,경기도,평택시,청북읍,옥길리,4122025900,청북읍,412204364458,안청로2길
S0116650,치킨,4115010900,경기도,의정부시,금오동,\N,4115058000,자금동,411503181007,금오로
S0116651,회,4161025027,경기도,광주시,오포읍,양벌리,4161025000,오포읍,416103211017,양벌로
S0116654,족발/보쌈,4115011000,경기도,의정부시,가능동,\N,4115059500,가능동,411504343265,신흥로354번길
S0116655,카페/디저트,4146125027,경기도,용인시 처인구,포곡읍,전대리,4146125000,포곡읍,414614409732,전대로78번길
S0116656,카페/디저트,4115010600,경기도,의정부시,민락동,\N,4115057800,송산3동,411503181035,용민로
S0116659,돈까스/일식,4413325021,충청남도,천안시 서북구,성환읍,성환리,4413325000,성환읍,441333250033,성환2로
S0116660,회,4115010100,경기도,의정부시,의정부동,\N,4115051000,의정부1동,411504343415,평화로542번길
S0116661,회,4115010100,경기도,의정부시,의정부동,\N,4115051000,의정부1동,411504343415,평화로542번길
S0116662,분식,4115010100,경기도,의정부시,의정부동,\N,4115052000,의정부2동,411504343147,범골로158번길
S0116666,카페/디저트,4115010600,경기도,의정부시,민락동,\N,4115057800,송산3동,411503181033,오목로
S0116667,중식,4115010100,경기도,의정부시,의정부동,\N,4115052000,의정부2동,411503181017,범골로
S0116668,중식,4115010100,경기도,의정부시,의정부동,\N,4115052000,의정부2동,411503181017,범골로
S0116669,중식,4115010100,경기도,의정부시,의정부동,\N,4115052000,의정부2동,411503181017,범골로
S0116670,중식,4115010100,경기도,의정부시,의정부동,\N,4115052000,의정부2동,411503181017,범골로
S0116671,중식,4115010100,경기도,의정부시,의정부동,\N,4115052000,의정부2동,411503181017,범골로
S0116675,분식,4115010100,경기도,의정부시,의정부동,\N,4115052000,의정부2동,411503181060,시민로
S0116676,돈까스/일식,4715010800,경상북도,김천시,신음동,\N,4715057500,대신동,471504718582,신양4길
S0116682,한식,4421010900,충청남도,서산시,예천동,\N,4421055000,석남동,442103254229,호수공원8로
S0116686,한식,4115010100,경기도,의정부시,의정부동,\N,4115052000,의정부2동,411504343121,둔야로5번길
S0116687,한식,4115010100,경기도,의정부시,의정부동,\N,4115052000,의정부2동,411504343121,둔야로5번길
S0116689,돈까스/일식,4723010300,경상북도,영천시,야사동,\N,4723051000,동부동,\N,\N
S0116690,돈까스/일식,4723010300,경상북도,영천시,야사동,\N,4723051000,동부동,\N,\N
S0116691,돈까스/일식,4723010300,경상북도,영천시,야사동,\N,4723051000,동부동,\N,\N
S0116692,돈까스/일식,4723010300,경상북도,영천시,야사동,\N,4723051000,동부동,\N,\N
S0116693,돈까스/일식,4723010300,경상북도,영천시,야사동,\N,4723051000,동부동,\N,\N
S0116694,족발/보쌈,4715010800,경상북도,김천시,신음동,\N,4715057500,대신동,471504718421,부거리길
S0116697,패스트푸드,4115010400,경기도,의정부시,신곡동,\N,4115056700,신곡1동,411503000001,동일로
S0116698,패스트푸드,4115010100,경기도,의정부시,의정부동,\N,4115051000,의정부1동,411504343198,시민로131번길
S0116699,패스트푸드,4115010400,경기도,의정부시,신곡동,\N,4115056700,신곡1동,411503000001,동일로
S0116700,카페/디저트,4115010100,경기도,의정부시,의정부동,\N,4115052000,의정부2동,411504855276,범골로63번길
S0116701,카페/디저트,4115010100,경기도,의정부시,의정부동,\N,4115052000,의정부2동,411504855276,범골로63번길
S0116702,카페/디저트,4115010100,경기도,의정부시,의정부동,\N,4115052000,의정부2동,411504855276,범골로63번길
S0116703,찜탕,4115010100,경기도,의정부시,의정부동,\N,4115051000,의정부1동,411504343417,평화로552번길
S0116704,치킨,4115010400,경기도,의정부시,신곡동,\N,4115056800,신곡2동,411503181019,부용로
S0116705,돈까스/일식,4715010800,경상북도,김천시,신음동,\N,4715057500,대신동,471504718421,부거리길
S0116706,돈까스/일식,4315010100,충청북도,제천시,의림동,\N,4315052800,중앙동,431504518051,칠성로10길
S0116709,찜탕,4115010100,경기도,의정부시,의정부동,\N,4115052000,의정부2동,411503181017,범골로
S0116710,찜탕,4115010100,경기도,의정부시,의정부동,\N,4115052000,의정부2동,411503181017,범골로
S0116715,분식,4139011800,경기도,시흥시,능곡동,\N,4139064000,능곡동,413903199046,장현능곡로
S0116716,한식,4115011200,경기도,의정부시,고산동,\N,4115057300,송산1동,411503181058,고산로
S0116717,한식,4115011200,경기도,의정부시,고산동,\N,4115057300,송산1동,411503181058,고산로
S0116722,치킨,4421010700,충청남도,서산시,석림동,\N,4421054000,수석동,442103254176,한마음13로
S0116723,돈까스/일식,4165033021,경기도,포천시,가산면,마산리,4165033000,가산면,416503213018,선마로
S0116724,돈까스/일식,1154510200,서울특별시,금천구,독산동,\N,1154561000,독산1동,115454151016,금하로1마길
S0116727,찜탕,4719010100,경상북도,구미시,원평동,\N,4719053500,원평동,471903304010,문화로
S0116729,찜탕,4719010100,경상북도,구미시,원평동,\N,4719053500,원평동,471903304010,문화로
S0116731,찜탕,4719010900,경상북도,구미시,형곡동,\N,4719058200,형곡1동,471903308042,신시로
S0116733,야식,4719010100,경상북도,구미시,원평동,\N,4719056500,선주원남동,471904724118,금오산로22길
S0116734,찜탕,4719011100,경상북도,구미시,신평동,\N,4719059000,신평1동,471902308001,구미대로
S0116735,족발/보쌈,4121010200,경기도,광명시,철산동,\N,4121060000,철산2동,412103187038,시청로
S0116736,치킨,4773025022,경상북도,의성군,의성읍,중리리,4773025000,의성읍,477304745172,문소1길
S0116737,치킨,4161025026,경기도,광주시,오포읍,매산리,4161025000,오포읍,416103211017,양벌로
S0116738,도시락,4715010800,경상북도,김천시,신음동,\N,4715057500,대신동,471504718594,신음새동네길
S0116740,분식,4115010100,경기도,의정부시,의정부동,\N,4115051000,의정부1동,411504343196,시민로121번길
S0116741,분식,4115010100,경기도,의정부시,의정부동,\N,4115051000,의정부1동,411504343196,시민로121번길
S0116742,분식,4115010100,경기도,의정부시,의정부동,\N,4115051000,의정부1동,411504343196,시민로121번길
S0116743,분식,4115010100,경기도,의정부시,의정부동,\N,4115051000,의정부1동,411504343196,시민로121번길
S0116744,분식,4115010100,경기도,의정부시,의정부동,\N,4115051000,의정부1동,411504343196,시민로121번길
S0116745,족발/보쌈,4115010100,경기도,의정부시,의정부동,\N,4115051000,의정부1동,411504343201,시민로146번길
S0116747,돈까스/일식,1162010100,서울특별시,관악구,봉천동,\N,1162060500,은천동,116203005083,봉천로
S0116748,치킨,4115010400,경기도,의정부시,신곡동,\N,4115056800,신곡2동,411503181049,추동로
S0116749,치킨,4115010400,경기도,의정부시,신곡동,\N,4115056800,신곡2동,411503181049,추동로
S0116752,야식,4141010400,경기도,군포시,산본동,\N,4141054000,산본1동,414104400071,군포로741번길
S0116753,카페/디저트,4115010500,경기도,의정부시,용현동,\N,4115057300,송산1동,411504343284,용민로21번길
S0116754,카페/디저트,4115010500,경기도,의정부시,용현동,\N,4115057300,송산1동,411504343284,용민로21번길
S0116757,한식,5013010100,제주특별자치도,서귀포시,서귀동,\N,5013054000,천지동,501304850399,서문로29번길
S0116758,한식,5013010100,제주특별자치도,서귀포시,서귀동,\N,5013054000,천지동,501304850399,서문로29번길
S0116759,한식,5013010100,제주특별자치도,서귀포시,서귀동,\N,5013054000,천지동,501304850399,서문로29번길
S0116760,한식,5013010100,제주특별자치도,서귀포시,서귀동,\N,5013054000,천지동,501304850399,서문로29번길
S0116761,한식,5013010100,제주특별자치도,서귀포시,서귀동,\N,5013054000,천지동,501304850399,서문로29번길
S0116762,한식,5013010100,제주특별자치도,서귀포시,서귀동,\N,5013054000,천지동,501304850399,서문로29번길
S0116763,한식,5013010100,제주특별자치도,서귀포시,서귀동,\N,5013054000,천지동,501304850399,서문로29번길
S0116764,한식,5013010100,제주특별자치도,서귀포시,서귀동,\N,5013054000,천지동,501304850399,서문로29번길
S0116765,한식,5013010100,제주특별자치도,서귀포시,서귀동,\N,5013054000,천지동,501304850399,서문로29번길
S0116766,한식,5013010100,제주특별자치도,서귀포시,서귀동,\N,5013054000,천지동,501304850399,서문로29번길
S0116767,한식,5013010100,제주특별자치도,서귀포시,서귀동,\N,5013054000,천지동,501304850399,서문로29번길
S0116768,한식,5013010100,제주특별자치도,서귀포시,서귀동,\N,5013054000,천지동,501304850399,서문로29번길
S0116769,한식,5013010100,제주특별자치도,서귀포시,서귀동,\N,5013054000,천지동,501304850399,서문로29번길
S0116770,한식,5013010100,제주특별자치도,서귀포시,서귀동,\N,5013054000,천지동,501304850399,서문로29번길
S0116771,한식,5013010100,제주특별자치도,서귀포시,서귀동,\N,5013054000,천지동,501304850399,서문로29번길
S0116772,한식,5013010100,제주특별자치도,서귀포시,서귀동,\N,5013054000,천지동,501304850399,서문로29번길
S0116773,한식,5013010100,제주특별자치도,서귀포시,서귀동,\N,5013054000,천지동,501304850399,서문로29번길
S0116774,한식,5013010100,제주특별자치도,서귀포시,서귀동,\N,5013054000,천지동,501304850399,서문로29번길
S0116775,한식,5013010100,제주특별자치도,서귀포시,서귀동,\N,5013054000,천지동,501304850399,서문로29번길
S0116780,돈까스/일식,4115010600,경기도,의정부시,민락동,\N,4115057800,송산3동,411504343540,오목로225번길
S0116781,한식,4773025021,경상북도,의성군,의성읍,후죽리,4773025000,의성읍,477304745174,문소3길
S0116782,치킨,4121010100,경기도,광명시,광명동,\N,4121054000,광명3동,412104361041,광명로917번길
S0116784,카페/디저트,4115010600,경기도,의정부시,민락동,\N,4115057600,송산2동,411504343295,용현로160번길
S0116785,야식,4115010900,경기도,의정부시,금오동,\N,4115058000,자금동,411504343342,청사로47번길
S0116786,야식,4115010900,경기도,의정부시,금오동,\N,4115058000,자금동,411504343342,청사로47번길
S0116787,야식,4115010900,경기도,의정부시,금오동,\N,4115058000,자금동,411504343342,청사로47번길
S0116788,야식,4115010900,경기도,의정부시,금오동,\N,4115058000,자금동,411504343342,청사로47번길
S0116789,야식,4115010900,경기도,의정부시,금오동,\N,4115058000,자금동,411504343342,청사로47번길
S0116790,야식,4115010900,경기도,의정부시,금오동,\N,4115058000,자금동,411504343342,청사로47번길
S0116791,야식,4115010900,경기도,의정부시,금오동,\N,4115058000,자금동,411504343342,청사로47번길
S0116794,치킨,1153010200,서울특별시,구로구,구로동,\N,1153053000,구로2동,115303000023,가마산로
S0116797,카페/디저트,4115010600,경기도,의정부시,민락동,\N,4115057800,송산3동,411504343540,오목로225번길
S0116798,돈까스/일식,4715010800,경상북도,김천시,신음동,\N,4715057500,대신동,471504718582,신양4길
S0116799,돈까스/일식,4790036046,경상북도,예천군,호명면,산합리,4790036000,호명면,479003351057,새움3로
S0116800,피자,4115010500,경기도,의정부시,용현동,\N,4115057300,송산1동,411504343277,오목로18번길
S0116802,야식,4127110100,경기도,안산시 상록구,일동,\N,4127151000,일동,412714370111,매화로2길
S0116803,돈까스/일식,4413325021,충청남도,천안시 서북구,성환읍,성환리,4413325000,성환읍,441334550375,성환11길
S0116805,한식,4115010100,경기도,의정부시,의정부동,\N,4115051000,의정부1동,411504343463,호국로1331번길
S0116806,한식,4115010100,경기도,의정부시,의정부동,\N,4115051000,의정부1동,411504343463,호국로1331번길
S0116807,한식,4115010100,경기도,의정부시,의정부동,\N,4115051000,의정부1동,411504343463,호국로1331번길
S0116808,야식,4623010800,전라남도,광양시,광영동,\N,4623054000,광영동,462303285058,금영로
S0116811,치킨,4115010900,경기도,의정부시,금오동,\N,4115058000,자금동,411504343435,하금로4번길
S0116812,찜탕,4115010100,경기도,의정부시,의정부동,\N,4115051000,의정부1동,411503215066,평화로
S0116816,족발/보쌈,1162010200,서울특별시,관악구,신림동,\N,1162064500,서원동,116202000003,남부순환로
S0116817,돈까스/일식,4115010100,경기도,의정부시,의정부동,\N,4115052000,의정부2동,411504343254,신흥로239번길
S0116818,돈까스/일식,4115010100,경기도,의정부시,의정부동,\N,4115052000,의정부2동,411504343254,신흥로239번길
S0116819,돈까스/일식,4115010100,경기도,의정부시,의정부동,\N,4115052000,의정부2동,411504343254,신흥로239번길
S0116820,돈까스/일식,4115010100,경기도,의정부시,의정부동,\N,4115052000,의정부2동,411504343254,신흥로239번길
S0116824,돈까스/일식,4119011500,경기도,부천시,옥길동,\N,4119079500,범안동,411903185011,옥길로
S0116825,치킨,4115011100,경기도,의정부시,녹양동,\N,4115062000,녹양동,411503181020,비우로
S0116828,야식,4115010900,경기도,의정부시,금오동,\N,4115058000,자금동,411504343342,청사로47번길
S0116829,야식,4115010900,경기도,의정부시,금오동,\N,4115058000,자금동,411504343342,청사로47번길
S0116830,야식,4115010900,경기도,의정부시,금오동,\N,4115058000,자금동,411504343342,청사로47번길
S0116838,돈까스/일식,4723010500,경상북도,영천시,문외동,\N,4723052000,중앙동,472304730388,시청동길
S0116839,돈까스/일식,4723010500,경상북도,영천시,문외동,\N,4723052000,중앙동,472304730388,시청동길
S0116840,돈까스/일식,4723010500,경상북도,영천시,문외동,\N,4723052000,중앙동,472304730388,시청동길
S0116841,돈까스/일식,4723010500,경상북도,영천시,문외동,\N,4723052000,중앙동,472304730388,시청동길
S0116842,치킨,4127110400,경기도,안산시 상록구,본오동,\N,4127155000,본오2동,412713190003,각골로
S0116844,야식,4115010200,경기도,의정부시,호원동,\N,4115055500,호원2동,411503181034,외미로
S0116845,야식,4115010200,경기도,의정부시,호원동,\N,4115055500,호원2동,411503181034,외미로
S0116847,찜탕,2644010400,부산광역시,강서구,명지동,\N,2644053500,명지1동,264403350863,명지국제6로232번길
S0116859,아시안/양식,4115010100,경기도,의정부시,의정부동,\N,4115051000,의정부1동,411504343196,시민로121번길
S0116860,아시안/양식,4115010100,경기도,의정부시,의정부동,\N,4115051000,의정부1동,411504343196,시민로121번길
S0116864,치킨,4719010900,경상북도,구미시,형곡동,\N,4719058200,형곡1동,471904724590,신시로7길
S0116868,돈까스/일식,4719011000,경상북도,구미시,송정동,\N,4719051000,송정동,471904724530,송정대로6길
S0116877,치킨,4115011000,경기도,의정부시,가능동,\N,4115059500,가능동,411504343232,신촌로29번길
S0116878,치킨,4115011000,경기도,의정부시,가능동,\N,4115059500,가능동,411504343232,신촌로29번길
S0116882,심부름,4115010100,경기도,의정부시,의정부동,\N,4115051000,의정부1동,411504343196,시민로121번길
S0116883,심부름,4115010100,경기도,의정부시,의정부동,\N,4115051000,의정부1동,411504343196,시민로121번길
S0116890,돈까스/일식,4413325022,충청남도,천안시 서북구,성환읍,성월리,4413325000,성환읍,441333250034,성환3로
S0116891,한식,4115010600,경기도,의정부시,민락동,\N,4115057800,송산3동,411504343540,오목로225번길
S0116892,회,4115011300,경기도,의정부시,산곡동,\N,4115057300,송산1동,\N,\N
S0116893,회,4115011300,경기도,의정부시,산곡동,\N,4115057300,송산1동,\N,\N
S0116894,치킨,4115010400,경기도,의정부시,신곡동,\N,4115056700,신곡1동,411503181060,시민로
S0116895,치킨,4115010400,경기도,의정부시,신곡동,\N,4115056700,신곡1동,411503181060,시민로
S0116896,돈까스/일식,4115010900,경기도,의정부시,금오동,\N,4115058000,자금동,411503181007,금오로
S0116897,돈까스/일식,4115010900,경기도,의정부시,금오동,\N,4115058000,자금동,411503181007,금오로
S0116904,카페/디저트,2644010400,부산광역시,강서구,명지동,\N,2644053500,명지1동,264403350857,명지국제5로
S0116906,회,4715011400,경상북도,김천시,부곡동,\N,4715059500,대곡동,471504718439,부곡중앙4길
S0116908,한식,4773025021,경상북도,의성군,의성읍,후죽리,4773025000,의성읍,477304745174,문소3길
S0116911,중식,4115010500,경기도,의정부시,용현동,\N,4115057300,송산1동,411504343279,오목로35번길
S0116912,중식,4115010500,경기도,의정부시,용현동,\N,4115057300,송산1동,411504343279,오목로35번길
S0116913,중식,4115010500,경기도,의정부시,용현동,\N,4115057300,송산1동,411504343279,오목로35번길
S0116914,카페/디저트,4115010600,경기도,의정부시,민락동,\N,4115057600,송산2동,411504343292,용현로132번길
S0116915,카페/디저트,4115010600,경기도,의정부시,민락동,\N,4115057600,송산2동,411504343292,용현로132번길
S0116916,카페/디저트,4115010600,경기도,의정부시,민락동,\N,4115057600,송산2동,411504343292,용현로132번길
S0116918,돈까스/일식,4215010900,강원도,강릉시,옥천동,\N,4215054000,옥천동,421504460704,옥천로61번길
S0116919,카페/디저트,4115010600,경기도,의정부시,민락동,\N,4115057600,송산2동,411503181033,오목로
S0116920,한식,3171025622,울산광역시,울주군,온양읍,대안리,3171025600,온양읍,317103173086,화산발리로
S0116922,분식,4115010400,경기도,의정부시,신곡동,\N,4115056800,신곡2동,411503181039,장곡로
S0116923,분식,4115010400,경기도,의정부시,신곡동,\N,4115056800,신곡2동,411503181039,장곡로
S0116924,분식,4115010400,경기도,의정부시,신곡동,\N,4115056800,신곡2동,411503181039,장곡로
S0116925,분식,4115010400,경기도,의정부시,신곡동,\N,4115056800,신곡2동,411503181039,장곡로
S0116926,분식,4115010400,경기도,의정부시,신곡동,\N,4115056800,신곡2동,411503181039,장곡로
S0116928,분식,4115010600,경기도,의정부시,민락동,\N,4115057600,송산2동,411503181035,용민로
S0116931,족발/보쌈,4115011000,경기도,의정부시,가능동,\N,4115059500,가능동,411504343005,가능로109번길
S0116935,돈까스/일식,4413325022,충청남도,천안시 서북구,성환읍,성월리,4413325000,성환읍,441333250034,성환3로
S0116942,족발/보쌈,4115010100,경기도,의정부시,의정부동,\N,4115051000,의정부1동,411504343199,시민로132번길
S0116943,분식,4159014000,경기도,화성시,새솔동,\N,4159051500,새솔동,415903351749,수노을1로
S0116944,치킨,4117110200,경기도,안양시 만안구,석수동,\N,4117160000,석수2동,411713182012,석천로
S0116945,돈까스/일식,4215010900,강원도,강릉시,옥천동,\N,4215054000,옥천동,421503220028,용지로
S0116946,돈까스/일식,4215010900,강원도,강릉시,옥천동,\N,4215054000,옥천동,421503220028,용지로
S0116948,피자,4115010600,경기도,의정부시,민락동,\N,4115057600,송산2동,411504343294,용현로159번길
S0116949,피자,4115010600,경기도,의정부시,민락동,\N,4115057600,송산2동,411504343294,용현로159번길
S0116950,피자,4115010600,경기도,의정부시,민락동,\N,4115057600,송산2동,411504343294,용현로159번길
S0116951,피자,4115010600,경기도,의정부시,민락동,\N,4115057600,송산2동,411504343294,용현로159번길
S0116952,카페/디저트,4115010600,경기도,의정부시,민락동,\N,4115057600,송산2동,411504343289,용현로105번길
S0116953,카페/디저트,4115010600,경기도,의정부시,민락동,\N,4115057600,송산2동,411504343289,용현로105번길
S0116954,카페/디저트,4115010600,경기도,의정부시,민락동,\N,4115057600,송산2동,411504343289,용현로105번길
S0116955,분식,4115010600,경기도,의정부시,민락동,\N,4115057800,송산3동,411504343540,오목로225번길
S0116959,한식,4115010500,경기도,의정부시,용현동,\N,4115057300,송산1동,411504343226,시민로416번길
S0116960,회,4163011500,경기도,양주시,고암동,\N,4163055000,회천3동,416304436075,고암길
S0116961,야식,4421010200,충청남도,서산시,동문동,\N,4421053500,동문2동,442103254131,율지7로
S0116962,카페/디저트,4115011300,경기도,의정부시,산곡동,\N,4115057300,송산1동,\N,\N
S0116965,카페/디저트,4115010600,경기도,의정부시,민락동,\N,4115057800,송산3동,411503181046,천보로
S0116969,야식,4617025023,전라남도,나주시,남평읍,동사리,4617025000,남평읍,461704685312,강변2길
S0116972,한식,4115010300,경기도,의정부시,장암동,\N,4115056100,장암동,411504343491,회룡로192번길
S0116973,한식,4115010600,경기도,의정부시,민락동,\N,4115057800,송산3동,411504343540,오목로225번길
S0116974,돈까스/일식,4115010400,경기도,의정부시,신곡동,\N,4115056700,신곡1동,411503181014,발곡로
S0116975,돈까스/일식,4115010400,경기도,의정부시,신곡동,\N,4115056700,신곡1동,411503181014,발곡로
S0116977,한식,4115010500,경기도,의정부시,용현동,\N,4115057300,송산1동,411503181050,충의로
S0116978,한식,4115010500,경기도,의정부시,용현동,\N,4115057300,송산1동,411503181050,충의로
S0116980,분식,4715010800,경상북도,김천시,신음동,\N,4715057500,대신동,471504718583,신양길
S0116986,피자,4115011300,경기도,의정부시,산곡동,\N,4115057300,송산1동,\N,\N
S0116988,한식,4421010800,충청남도,서산시,석남동,\N,4421055000,석남동,442103254108,양열로
S0116992,분식,4115011000,경기도,의정부시,가능동,\N,4115061500,흥선동,411504343441,호국로1111번길
S0116993,분식,4115011000,경기도,의정부시,가능동,\N,4115061500,흥선동,411504343441,호국로1111번길
S0116994,분식,4115011000,경기도,의정부시,가능동,\N,4115061500,흥선동,411504343441,호국로1111번길
S0116995,분식,4115011000,경기도,의정부시,가능동,\N,4115061500,흥선동,411504343441,호국로1111번길
S0117002,카페/디저트,4115010600,경기도,의정부시,민락동,\N,4115057600,송산2동,411503181033,오목로
S0117003,카페/디저트,4115010600,경기도,의정부시,민락동,\N,4115057600,송산2동,411503181033,오목로
S0117004,카페/디저트,4115010600,경기도,의정부시,민락동,\N,4115057600,송산2동,411503181033,오목로
S0117005,카페/디저트,4115010600,경기도,의정부시,민락동,\N,4115057600,송산2동,411503181033,오목로
S0117006,카페/디저트,4115010600,경기도,의정부시,민락동,\N,4115057600,송산2동,411503181033,오목로
S0117007,카페/디저트,4115010600,경기도,의정부시,민락동,\N,4115057600,송산2동,411503181033,오목로
S0117012,한식,4773025023,경상북도,의성군,의성읍,상리리,4773025000,의성읍,477304745140,동서1길
S0117014,돈까스/일식,2644010400,부산광역시,강서구,명지동,\N,2644053500,명지1동,264403350857,명지국제5로
S0117017,돈까스/일식,4413325022,충청남도,천안시 서북구,성환읍,성월리,4413325000,성환읍,441333250031,성진로
S0117018,야식,4617025023,전라남도,나주시,남평읍,동사리,4617025000,남평읍,461704685312,강변2길
S0117022,카페/디저트,2914012800,광주광역시,서구,풍암동,\N,2914083000,풍암동,291403009011,금화로
S0117026,카페/디저트,4122010900,경기도,평택시,이충동,\N,4122051000,중앙동,412203188076,이충로
S0117027,카페/디저트,4115011100,경기도,의정부시,녹양동,\N,4115062000,녹양동,411503181020,비우로
S0117028,카페/디저트,4115011100,경기도,의정부시,녹양동,\N,4115062000,녹양동,411503181020,비우로
S0117029,카페/디저트,4115011100,경기도,의정부시,녹양동,\N,4115062000,녹양동,411503181020,비우로
S0117030,카페/디저트,4115011100,경기도,의정부시,녹양동,\N,4115062000,녹양동,411503181020,비우로
S0117031,카페/디저트,4115011100,경기도,의정부시,녹양동,\N,4115062000,녹양동,411503181020,비우로
S0117043,돈까스/일식,4115010900,경기도,의정부시,금오동,\N,4115058000,자금동,411503000001,동일로
S0117044,돈까스/일식,4115010900,경기도,의정부시,금오동,\N,4115058000,자금동,411503000001,동일로
S0117047,돈까스/일식,4723010300,경상북도,영천시,야사동,\N,4723051000,동부동,472303018037,호국로
S0117048,한식,4773025021,경상북도,의성군,의성읍,후죽리,4773025000,의성읍,477304745174,문소3길
S0117053,돈까스/일식,4413325023,충청남도,천안시 서북구,성환읍,매주리,4413325000,성환읍,441334550443,신선동길
S0117054,카페/디저트,4115010400,경기도,의정부시,신곡동,\N,4115056800,신곡2동,411504343157,부용로185번길
S0117055,패스트푸드,4127110400,경기도,안산시 상록구,본오동,\N,4127154000,본오1동,412713190041,선암로
S0117056,패스트푸드,4127110400,경기도,안산시 상록구,본오동,\N,4127154000,본오1동,412713190041,선암로
S0117057,분식,4115010100,경기도,의정부시,의정부동,\N,4115051000,의정부1동,411503000136,호국로
S0117059,돈까스/일식,4715010800,경상북도,김천시,신음동,\N,4715057500,대신동,471504718594,신음새동네길
S0117074,치킨,5013010500,제주특별자치도,서귀포시,동홍동,\N,5013057000,동홍동,501303350347,중앙로
S0117075,심부름,5013010100,제주특별자치도,서귀포시,서귀동,\N,5013052000,정방동,501303350238,이중섭로
S0117088,한식,5013010600,제주특별자치도,서귀포시,서홍동,\N,5013058000,서홍동,501303350152,서홍로
S0117090,한식,5013010100,제주특별자치도,서귀포시,서귀동,\N,5013054000,천지동,501304850832,중앙로79번길
S0117112,돈까스/일식,5013010100,제주특별자치도,서귀포시,서귀동,\N,5013054000,천지동,501303350259,천지로
S0117133,카페/디저트,5013010500,제주특별자치도,서귀포시,동홍동,\N,5013057000,동홍동,501303350073,동홍중앙로
S0117135,카페/디저트,5013010100,제주특별자치도,서귀포시,서귀동,\N,5013052000,정방동,501303350080,명동로
S0117137,카페/디저트,5013010100,제주특별자치도,서귀포시,서귀동,\N,5013051000,송산동,501303350260,천지연로
S0117144,한식,5013010500,제주특별자치도,서귀포시,동홍동,\N,5013057000,동홍동,501303349238,중산간동로
S0117164,카페/디저트,5013010100,제주특별자치도,서귀포시,서귀동,\N,5013052000,정방동,501303350080,명동로
S0117168,한식,5013010100,제주특별자치도,서귀포시,서귀동,\N,5013052000,정방동,501303350347,중앙로
S0117172,카페/디저트,5013010100,제주특별자치도,서귀포시,서귀동,\N,5013053000,중앙동,501303350347,중앙로
S0117177,아시안/양식,5013010100,제주특별자치도,서귀포시,서귀동,\N,5013052000,정방동,501304850837,중정로62번길
S0117188,중식,5013010100,제주특별자치도,서귀포시,서귀동,\N,5013052000,정방동,501303350249,정방로
S0117194,분식,5013010600,제주특별자치도,서귀포시,서홍동,\N,5013058000,서홍동,501303350347,중앙로
S0117214,돈까스/일식,5013010100,제주특별자치도,서귀포시,서귀동,\N,5013054000,천지동,501303350259,천지로
S0117219,돈까스/일식,5013010100,제주특별자치도,서귀포시,서귀동,\N,5013054000,천지동,501303350259,천지로
S0117238,한식,5013010500,제주특별자치도,서귀포시,동홍동,\N,5013057000,동홍동,501303349235,일주동로
S0117246,한식,5013010100,제주특별자치도,서귀포시,서귀동,\N,5013051000,송산동,501303350269,태평로
S0117255,중식,5013010600,제주특별자치도,서귀포시,서홍동,\N,5013058000,서홍동,\N,\N
S0117268,한식,5013010100,제주특별자치도,서귀포시,서귀동,\N,5013054000,천지동,501304850399,서문로29번길
S0117284,돈까스/일식,5013010100,제주특별자치도,서귀포시,서귀동,\N,5013054000,천지동,501303349235,일주동로
S0117293,카페/디저트,5013010100,제주특별자치도,서귀포시,서귀동,\N,5013053000,중앙동,501303350347,중앙로
S0117295,치킨,5013011600,제주특별자치도,서귀포시,강정동,\N,5013060000,대천동,501304851239,대청로25번길
S0117297,한식,5013010100,제주특별자치도,서귀포시,서귀동,\N,5013052000,정방동,501303350347,중앙로
S0117316,심부름,5013010100,제주특별자치도,서귀포시,서귀동,\N,5013052000,정방동,501303350080,명동로
S0117332,야식,5013010600,제주특별자치도,서귀포시,서홍동,\N,5013058000,서홍동,501303350323,홍중로
S0117336,한식,5013010600,제주특별자치도,서귀포시,서홍동,\N,5013058000,서홍동,501303350347,중앙로
S0117341,카페/디저트,5013010600,제주특별자치도,서귀포시,서홍동,\N,5013058000,서홍동,501303349235,일주동로
S0117344,심부름,5013010100,제주특별자치도,서귀포시,서귀동,\N,5013054000,천지동,501303350347,중앙로
S0117346,심부름,5013010100,제주특별자치도,서귀포시,서귀동,\N,5013054000,천지동,501303350347,중앙로
S0117348,분식,5013010100,제주특별자치도,서귀포시,서귀동,\N,5013053000,중앙동,501303350339,동문로
S0117350,한식,5013010100,제주특별자치도,서귀포시,서귀동,\N,5013053000,중앙동,501303350339,동문로
S0117351,찜탕,5013011100,제주특별자치도,서귀포시,토평동,\N,5013056000,영천동,501303349238,중산간동로
S0117353,돈까스/일식,5013010600,제주특별자치도,서귀포시,서홍동,\N,5013058000,서홍동,501304850429,서홍로178번길
S0117356,분식,5013010100,제주특별자치도,서귀포시,서귀동,\N,5013052000,정방동,501303350238,이중섭로
S0117361,회,5013010100,제주특별자치도,서귀포시,서귀동,\N,5013053000,중앙동,501304850823,중앙로42번길
S0117364,한식,5013010100,제주특별자치도,서귀포시,서귀동,\N,5013053000,중앙동,501304850825,중앙로48번길
S0117365,한식,5013010100,제주특별자치도,서귀포시,서귀동,\N,5013054000,천지동,501304850832,중앙로79번길
S0117368,한식,5013010100,제주특별자치도,서귀포시,서귀동,\N,5013054000,천지동,501303350254,중정로
S0117383,한식,5013010100,제주특별자치도,서귀포시,서귀동,\N,5013052000,정방동,501303350347,중앙로
S0117410,찜탕,5013010500,제주특별자치도,서귀포시,동홍동,\N,5013057000,동홍동,501303350068,동홍남로
S0117411,심부름,5013010100,제주특별자치도,서귀포시,서귀동,\N,5013052000,정방동,501303350080,명동로
S0117420,한식,5013010100,제주특별자치도,서귀포시,서귀동,\N,5013054000,천지동,501303350259,천지로
S0117422,한식,5013010500,제주특별자치도,서귀포시,동홍동,\N,5013057000,동홍동,501303350347,중앙로
S0117426,중식,5013010600,제주특별자치도,서귀포시,서홍동,\N,5013058000,서홍동,501303350347,중앙로
S0117427,한식,5013010100,제주특별자치도,서귀포시,서귀동,\N,5013053000,중앙동,501304850825,중앙로48번길
S0117428,한식,5013010100,제주특별자치도,서귀포시,서귀동,\N,5013053000,중앙동,501304850831,중앙로72번길
S0117429,찜탕,5013010100,제주특별자치도,서귀포시,서귀동,\N,5013053000,중앙동,501304850166,동문동로53번길
S0117431,카페/디저트,5013010100,제주특별자치도,서귀포시,서귀동,\N,5013052000,정방동,501303350254,중정로
S0117432,찜탕,5013010500,제주특별자치도,서귀포시,동홍동,\N,5013057000,동홍동,501303350088,문부로
S0117449,치킨,5013010100,제주특별자치도,서귀포시,서귀동,\N,5013053000,중앙동,501304850829,중앙로62번길
S0117453,한식,5013010500,제주특별자치도,서귀포시,동홍동,\N,5013057000,동홍동,501303350347,중앙로
S0117465,한식,5013010500,제주특별자치도,서귀포시,동홍동,\N,5013057000,동홍동,501303350347,중앙로
S0117470,야식,5013010100,제주특별자치도,서귀포시,서귀동,\N,5013052000,정방동,501303350238,이중섭로
S0117478,찜탕,5013010100,제주특별자치도,서귀포시,서귀동,\N,5013051000,송산동,501303350269,태평로
S0117490,찜탕,5013010100,제주특별자치도,서귀포시,서귀동,\N,5013052000,정방동,501304850837,중정로62번길
S0117502,한식,5013010500,제주특별자치도,서귀포시,동홍동,\N,5013057000,동홍동,501303350070,동홍로
S0117504,한식,5013010100,제주특별자치도,서귀포시,서귀동,\N,5013054000,천지동,501304850832,중앙로79번길
S0117505,회,5013010100,제주특별자치도,서귀포시,서귀동,\N,5013053000,중앙동,501304850823,중앙로42번길
S0117509,한식,5013010100,제주특별자치도,서귀포시,서귀동,\N,5013053000,중앙동,501304850825,중앙로48번길
S0117526,한식,5013010100,제주특별자치도,서귀포시,서귀동,\N,5013054000,천지동,501304850828,중앙로59번길
S0117534,카페/디저트,5013010500,제주특별자치도,서귀포시,동홍동,\N,5013057000,동홍동,501303350073,동홍중앙로
S0117537,치킨,5013010100,제주특별자치도,서귀포시,서귀동,\N,5013053000,중앙동,\N,\N
S0117544,돈까스/일식,5013010100,제주특별자치도,서귀포시,서귀동,\N,5013054000,천지동,501303350254,중정로
S0117552,한식,5013010500,제주특별자치도,서귀포시,동홍동,\N,5013057000,동홍동,501303350073,동홍중앙로
S0117574,한식,5013010100,제주특별자치도,서귀포시,서귀동,\N,5013053000,중앙동,501304850836,중정로61번길
S0117575,카페/디저트,5013010100,제주특별자치도,서귀포시,서귀동,\N,5013054000,천지동,501303350343,서문로
S0117581,찜탕,5013010100,제주특별자치도,서귀포시,서귀동,\N,5013051000,송산동,501303350269,태평로
S0117583,심부름,5013010100,제주특별자치도,서귀포시,서귀동,\N,5013053000,중앙동,501303350339,동문로
S0117593,치킨,5013010500,제주특별자치도,서귀포시,동홍동,\N,5013057000,동홍동,501303350069,동홍동로
S0117596,야식,5013010100,제주특별자치도,서귀포시,서귀동,\N,5013054000,천지동,501303350347,중앙로
S0117606,회,5013010100,제주특별자치도,서귀포시,서귀동,\N,5013053000,중앙동,501304850823,중앙로42번길
S0117614,분식,5013010100,제주특별자치도,서귀포시,서귀동,\N,5013052000,정방동,501303350238,이중섭로
S0117619,찜탕,5013010600,제주특별자치도,서귀포시,서홍동,\N,5013054000,천지동,501303350152,서홍로
S0117623,회,5013010100,제주특별자치도,서귀포시,서귀동,\N,5013054000,천지동,501303350343,서문로
S0117625,한식,5013010500,제주특별자치도,서귀포시,동홍동,\N,5013057000,동홍동,501303350069,동홍동로
S0117629,돈까스/일식,5013010100,제주특별자치도,서귀포시,서귀동,\N,5013054000,천지동,501303350347,중앙로
S0117644,한식,5013010600,제주특별자치도,서귀포시,서홍동,\N,5013058000,서홍동,501303350323,홍중로
S0117647,분식,5013010500,제주특별자치도,서귀포시,동홍동,\N,5013057000,동홍동,501304850250,문부로11번길
S0117657,한식,5013010100,제주특별자치도,서귀포시,서귀동,\N,5013051000,송산동,501303350167,솔동산로
S0117665,한식,5013011100,제주특별자치도,서귀포시,토평동,\N,5013056000,영천동,501303349235,일주동로
S0117669,야식,5013010100,제주특별자치도,서귀포시,서귀동,\N,5013053000,중앙동,501304850838,중정로73번길
S0117678,분식,5013010100,제주특별자치도,서귀포시,서귀동,\N,5013052000,정방동,501304850837,중정로62번길
S0117689,돈까스/일식,5013010100,제주특별자치도,서귀포시,서귀동,\N,5013054000,천지동,501303350259,천지로
S0117690,찜탕,5013011100,제주특별자치도,서귀포시,토평동,\N,5013056000,영천동,501303349238,중산간동로
S0117694,한식,5013010100,제주특별자치도,서귀포시,서귀동,\N,5013052000,정방동,501303350080,명동로
S0117708,찜탕,5013010600,제주특별자치도,서귀포시,서홍동,\N,5013058000,서홍동,501303349235,일주동로
S0117720,야식,5013010500,제주특별자치도,서귀포시,동홍동,\N,5013057000,동홍동,501304850202,동홍북로35번길
S0117728,카페/디저트,5013010100,제주특별자치도,서귀포시,서귀동,\N,5013052000,정방동,501303350080,명동로
S0117732,치킨,5013010100,제주특별자치도,서귀포시,서귀동,\N,5013053000,중앙동,501304850827,중앙로54번길
S0117739,한식,5013010600,제주특별자치도,서귀포시,서홍동,\N,5013058000,서홍동,501304850812,중앙로101번길
S0117742,야식,5013010100,제주특별자치도,서귀포시,서귀동,\N,5013051000,송산동,501303350167,솔동산로
S0117743,한식,5013010100,제주특별자치도,서귀포시,서귀동,\N,5013054000,천지동,501303350254,중정로
S0117750,카페/디저트,5013010500,제주특별자치도,서귀포시,동홍동,\N,5013057000,동홍동,501304850209,동홍중앙로52번길
S0117752,한식,5013010100,제주특별자치도,서귀포시,서귀동,\N,5013051000,송산동,501303350103,부두로
S0117756,분식,5013010100,제주특별자치도,서귀포시,서귀동,\N,5013054000,천지동,501303350343,서문로
S0117776,한식,5013010800,제주특별자치도,서귀포시,하효동,\N,5013055000,효돈동,501303349235,일주동로
S0117780,치킨,5013010100,제주특별자치도,서귀포시,서귀동,\N,5013053000,중앙동,501304850839,중정로91번길
S0117782,심부름,5013010100,제주특별자치도,서귀포시,서귀동,\N,5013054000,천지동,501303350343,서문로
S0117814,한식,5013010100,제주특별자치도,서귀포시,서귀동,\N,5013053000,중앙동,501304850825,중앙로48번길
S0117815,한식,5013010500,제주특별자치도,서귀포시,동홍동,\N,5013057000,동홍동,501303350070,동홍로
S0117822,분식,5013010100,제주특별자치도,서귀포시,서귀동,\N,5013053000,중앙동,501303350254,중정로
S0117825,치킨,5013010100,제주특별자치도,서귀포시,서귀동,\N,5013053000,중앙동,501304850839,중정로91번길
S0117831,치킨,5013011600,제주특별자치도,서귀포시,강정동,\N,5013060000,대천동,501303350372,대청로
S0117838,돈까스/일식,5013010100,제주특별자치도,서귀포시,서귀동,\N,5013052000,정방동,501303350238,이중섭로
S0117859,카페/디저트,5013010600,제주특별자치도,서귀포시,서홍동,\N,5013058000,서홍동,501303349235,일주동로
S0117864,카페/디저트,5013010100,제주특별자치도,서귀포시,서귀동,\N,5013053000,중앙동,501303350347,중앙로
S0117878,심부름,5013010100,제주특별자치도,서귀포시,서귀동,\N,5013052000,정방동,501303350238,이중섭로
S0117908,찜탕,5013010100,제주특별자치도,서귀포시,서귀동,\N,5013053000,중앙동,501304850166,동문동로53번길
S0117910,카페/디저트,5013010500,제주특별자치도,서귀포시,동홍동,\N,5013057000,동홍동,501303350347,중앙로
S0117912,찜탕,5013010100,제주특별자치도,서귀포시,서귀동,\N,5013053000,중앙동,501304850829,중앙로62번길
S0117916,한식,5013010500,제주특별자치도,서귀포시,동홍동,\N,5013057000,동홍동,501303350069,동홍동로
S0117921,분식,5013010600,제주특별자치도,서귀포시,서홍동,\N,5013058000,서홍동,501303350347,중앙로
S0117939,카페/디저트,5013010100,제주특별자치도,서귀포시,서귀동,\N,5013053000,중앙동,501304850839,중정로91번길
S0117942,한식,5013010100,제주특별자치도,서귀포시,서귀동,\N,5013052000,정방동,501303350065,동부로
S0117948,한식,5013011100,제주특별자치도,서귀포시,토평동,\N,5013056000,영천동,501303349235,일주동로
S0117956,한식,5013010100,제주특별자치도,서귀포시,서귀동,\N,5013052000,정방동,501303350065,동부로
S0117957,한식,5013010100,제주특별자치도,서귀포시,서귀동,\N,5013054000,천지동,501304850824,중앙로47번길
S0117960,한식,5013010100,제주특별자치도,서귀포시,서귀동,\N,5013054000,천지동,501304850832,중앙로79번길
S0117963,한식,5013010600,제주특별자치도,서귀포시,서홍동,\N,5013058000,서홍동,501303350347,중앙로
S0117964,카페/디저트,5013010100,제주특별자치도,서귀포시,서귀동,\N,5013052000,정방동,501303350080,명동로
S0117969,한식,5013010500,제주특별자치도,서귀포시,동홍동,\N,5013057000,동홍동,501303350070,동홍로
S0117975,한식,5013010100,제주특별자치도,서귀포시,서귀동,\N,5013051000,송산동,501303350269,태평로
S0117985,야식,5013010100,제주특별자치도,서귀포시,서귀동,\N,5013054000,천지동,501303350347,중앙로
S0117993,한식,5013010500,제주특별자치도,서귀포시,동홍동,\N,5013057000,동홍동,501303350073,동홍중앙로
S0117995,한식,5013010100,제주특별자치도,서귀포시,서귀동,\N,5013054000,천지동,501304850832,중앙로79번길
S0118002,분식,5013010100,제주특별자치도,서귀포시,서귀동,\N,5013054000,천지동,501303349235,일주동로
S0118030,한식,5013010500,제주특별자치도,서귀포시,동홍동,\N,5013057000,동홍동,501303350070,동홍로
S0118031,한식,5013010100,제주특별자치도,서귀포시,서귀동,\N,5013054000,천지동,501303350259,천지로
S0118032,찜탕,5013010600,제주특별자치도,서귀포시,서홍동,\N,5013058000,서홍동,501303349235,일주동로
S0118043,카페/디저트,5013010600,제주특별자치도,서귀포시,서홍동,\N,5013058000,서홍동,501303350347,중앙로
S0118051,도시락,5013010600,제주특별자치도,서귀포시,서홍동,\N,5013058000,서홍동,501304850812,중앙로101번길
S0118052,한식,5013010100,제주특별자치도,서귀포시,서귀동,\N,5013051000,송산동,501303350103,부두로
S0118054,회,5013010100,제주특별자치도,서귀포시,서귀동,\N,5013051000,송산동,501303350263,칠십리로
S0118066,한식,5013010500,제주특별자치도,서귀포시,동홍동,\N,5013057000,동홍동,501303349235,일주동로
S0118067,한식,5013010100,제주특별자치도,서귀포시,서귀동,\N,5013053000,중앙동,501303350070,동홍로
S0118069,한식,5013010100,제주특별자치도,서귀포시,서귀동,\N,5013053000,중앙동,501303350070,동홍로
S0118071,찜탕,5013010100,제주특별자치도,서귀포시,서귀동,\N,5013053000,중앙동,501304850166,동문동로53번길
S0118073,한식,5013010100,제주특별자치도,서귀포시,서귀동,\N,5013053000,중앙동,501304850838,중정로73번길
S0118080,한식,5013010100,제주특별자치도,서귀포시,서귀동,\N,5013053000,중앙동,501304850823,중앙로42번길
S0118084,분식,5013010100,제주특별자치도,서귀포시,서귀동,\N,5013053000,중앙동,501303350339,동문로
S0118086,카페/디저트,5013010600,제주특별자치도,서귀포시,서홍동,\N,5013058000,서홍동,501303350347,중앙로
S0118089,한식,5013010100,제주특별자치도,서귀포시,서귀동,\N,5013051000,송산동,501303350269,태평로
S0118096,회,5013010100,제주특별자치도,서귀포시,서귀동,\N,5013054000,천지동,501304850824,중앙로47번길
S0118099,한식,5013010500,제주특별자치도,서귀포시,동홍동,\N,5013057000,동홍동,501303350070,동홍로
S0118103,야식,5013010500,제주특별자치도,서귀포시,동홍동,\N,5013057000,동홍동,501303350072,동홍서로
S0118106,한식,5013010100,제주특별자치도,서귀포시,서귀동,\N,5013053000,중앙동,501304850825,중앙로48번길
S0118107,한식,5013010100,제주특별자치도,서귀포시,서귀동,\N,5013053000,중앙동,501304850825,중앙로48번길
S0118122,치킨,5013011600,제주특별자치도,서귀포시,강정동,\N,5013060000,대천동,501303350224,월드컵로
S0118128,한식,5013010100,제주특별자치도,서귀포시,서귀동,\N,5013054000,천지동,501304850399,서문로29번길
S0118140,한식,5013010500,제주특별자치도,서귀포시,동홍동,\N,5013057000,동홍동,501303350347,중앙로
S0118152,한식,5013010100,제주특별자치도,서귀포시,서귀동,\N,5013054000,천지동,501303350254,중정로
S0118159,한식,5013010100,제주특별자치도,서귀포시,서귀동,\N,5013054000,천지동,501304850832,중앙로79번길
S0118160,분식,5013010100,제주특별자치도,서귀포시,서귀동,\N,5013053000,중앙동,501304850836,중정로61번길
S0118165,분식,5013010100,제주특별자치도,서귀포시,서귀동,\N,5013053000,중앙동,501303350064,동문동로
S0118166,찜탕,5013010100,제주특별자치도,서귀포시,서귀동,\N,5013054000,천지동,501303350254,중정로
S0118169,카페/디저트,5013010500,제주특별자치도,서귀포시,동홍동,\N,5013057000,동홍동,501303350073,동홍중앙로
S0118184,회,5013010100,제주특별자치도,서귀포시,서귀동,\N,5013054000,천지동,501303350343,서문로
S0118185,돈까스/일식,5013010500,제주특별자치도,서귀포시,동홍동,\N,5013057000,동홍동,501303350088,문부로
S0118196,돈까스/일식,4413325021,충청남도,천안시 서북구,성환읍,성환리,4413325000,성환읍,441334550596,종합시장길
S0118197,족발/보쌈,4115010100,경기도,의정부시,의정부동,\N,4115051000,의정부1동,411504343201,시민로146번길
S0118198,족발/보쌈,4115010100,경기도,의정부시,의정부동,\N,4115051000,의정부1동,411504343201,시민로146번길
S0118199,족발/보쌈,4115010100,경기도,의정부시,의정부동,\N,4115051000,의정부1동,411504343201,시민로146번길
S0118200,족발/보쌈,4115010100,경기도,의정부시,의정부동,\N,4115051000,의정부1동,411504343201,시민로146번길
S0118201,족발/보쌈,4115010100,경기도,의정부시,의정부동,\N,4115051000,의정부1동,411504343201,시민로146번길
S0118202,찜탕,4115010400,경기도,의정부시,신곡동,\N,4115056800,신곡2동,411503181023,새말로
S0118203,찜탕,4115010400,경기도,의정부시,신곡동,\N,4115056800,신곡2동,411503181023,새말로
S0118206,돈까스/일식,4717034021,경상북도,안동시,풍천면,갈전리,4717034000,풍천면,471704853931,풍요6길
S0118207,돈까스/일식,4119011500,경기도,부천시,옥길동,\N,4119079500,범안동,411903000027,범안로
S0118213,찜탕,4115010100,경기도,의정부시,의정부동,\N,4115052000,의정부2동,411503181010,둔야로
S0118214,찜탕,4115010100,경기도,의정부시,의정부동,\N,4115052000,의정부2동,411503181010,둔야로
S0118215,찜탕,4115010100,경기도,의정부시,의정부동,\N,4115052000,의정부2동,411503181010,둔야로
S0118216,찜탕,4115010100,경기도,의정부시,의정부동,\N,4115052000,의정부2동,411503181010,둔야로
S0118217,야식,4617025023,전라남도,나주시,남평읍,동사리,4617025000,남평읍,461704685313,강변1길
S0118223,심부름,4115010100,경기도,의정부시,의정부동,\N,4115051000,의정부1동,411504343196,시민로121번길
S0118224,아시안/양식,4159014000,경기도,화성시,새솔동,\N,4159051500,새솔동,415903351754,꽃내음1길
S0118227,카페/디저트,4115011100,경기도,의정부시,녹양동,\N,4115062000,녹양동,411503181048,체육로
S0118228,돈까스/일식,4315011600,충청북도,제천시,장락동,\N,4315051000,교동,431504854555,장락로1길
S0118230,배달전문업체,4115010600,경기도,의정부시,민락동,\N,4115057600,송산2동,411503181035,용민로
S0118233,돈까스/일식,1153010300,서울특별시,구로구,가리봉동,\N,1153059500,가리봉동,115304148293,남부순환로105가길
S0118234,돈까스/일식,4715010800,경상북도,김천시,신음동,\N,4715057500,대신동,471504718421,부거리길
S0118235,돈까스/일식,4119011500,경기도,부천시,옥길동,\N,4119079500,범안동,411903185011,옥길로
S0118249,치킨,4719011000,경상북도,구미시,송정동,\N,4719051000,송정동,471904724576,신시로10길
S0118253,카페/디저트,4115010500,경기도,의정부시,용현동,\N,4115057300,송산1동,411504343279,오목로35번길
S0118254,카페/디저트,4115010500,경기도,의정부시,용현동,\N,4115057300,송산1동,411504343279,오목로35번길
S0118255,카페/디저트,4115010500,경기도,의정부시,용현동,\N,4115057300,송산1동,411504343279,오목로35번길
S0118256,카페/디저트,4115010500,경기도,의정부시,용현동,\N,4115057300,송산1동,411504343279,오목로35번길
S0118261,돈까스/일식,1162010100,서울특별시,관악구,봉천동,\N,1162060500,은천동,116203005083,봉천로
S0118263,야식,4115011000,경기도,의정부시,가능동,\N,4115061500,흥선동,411503181057,흥선로
S0118264,야식,4115011000,경기도,의정부시,가능동,\N,4115061500,흥선동,411503181057,흥선로
S0118266,분식,4115010100,경기도,의정부시,의정부동,\N,4115051000,의정부1동,411504343196,시민로121번길
S0118274,찜탕,4115010600,경기도,의정부시,민락동,\N,4115057600,송산2동,411504343295,용현로160번길
S0118275,카페/디저트,4115010600,경기도,의정부시,민락동,\N,4115057600,송산2동,411503181036,용현로
S0118277,돈까스/일식,4715010500,경상북도,김천시,평화동,\N,4715053600,평화남산동,471502306002,영남대로
S0118278,중식,4161025027,경기도,광주시,오포읍,양벌리,4161025000,오포읍,416103211017,양벌로
S0118292,중식,4139012400,경기도,시흥시,조남동,\N,4139057000,목감동,413903350920,목감둘레로
S0118293,중식,4139012400,경기도,시흥시,조남동,\N,4139057000,목감동,413903350920,목감둘레로
S0118295,돈까스/일식,1162010100,서울특별시,관악구,봉천동,\N,1162052500,보라매동,116204160307,당곡길
S0118299,야식,4115010600,경기도,의정부시,민락동,\N,4115057600,송산2동,411504343289,용현로105번길
S0118301,치킨,4163011000,경기도,양주시,덕정동,\N,4163053000,회천1동,416303212038,화합로
S0118303,치킨,4115010200,경기도,의정부시,호원동,\N,4115055500,호원2동,411503181034,외미로
S0118306,찜탕,4117110200,경기도,안양시 만안구,석수동,\N,4117161000,석수3동,411713182026,충훈로
S0118308,카페/디저트,4115010600,경기도,의정부시,민락동,\N,4115057800,송산3동,411503181035,용민로
S0118311,치킨,4115010500,경기도,의정부시,용현동,\N,4115057300,송산1동,411503181035,용민로
S0118312,치킨,4115010500,경기도,의정부시,용현동,\N,4115057300,송산1동,411504343276,오목로15번길
S0118315,야식,4617025023,전라남도,나주시,남평읍,동사리,4617025000,남평읍,461703017017,지석로
S0118316,야식,4617025023,전라남도,나주시,남평읍,동사리,4617025000,남평읍,461703017017,지석로
S0118318,분식,4115010700,경기도,의정부시,낙양동,\N,4115057800,송산3동,411503181035,용민로
S0118328,족발/보쌈,4115010100,경기도,의정부시,의정부동,\N,4115052000,의정부2동,411503181029,신흥로
S0118332,야식,4127110300,경기도,안산시 상록구,사동,\N,4127153200,사이동,412713190042,선진로
S0118336,돈까스/일식,4790036046,경상북도,예천군,호명면,산합리,4790036000,호명면,479004853991,양지4길
S0118337,돈까스/일식,1162010100,서울특별시,관악구,봉천동,\N,1162060500,은천동,116203005083,봉천로
S0118340,분식,3171025622,울산광역시,울주군,온양읍,대안리,3171025600,온양읍,317103173017,남창강변로
S0118341,카페/디저트,4115010100,경기도,의정부시,의정부동,\N,4115051000,의정부1동,411503215066,평화로
S0118342,카페/디저트,4115010100,경기도,의정부시,의정부동,\N,4115051000,의정부1동,411503215066,평화로
S0118345,분식,4159014000,경기도,화성시,새솔동,\N,4159051500,새솔동,415903351749,수노을1로
S0118346,치킨,4115010300,경기도,의정부시,장암동,\N,4115056100,장암동,411504343491,회룡로192번길
S0118347,카페/디저트,4136011100,경기도,남양주시,별내동,\N,4136057000,별내동,413603197037,순화궁로
S0118348,돈까스/일식,4723010400,경상북도,영천시,문내동,\N,4723052000,중앙동,472304730595,조양길
S0118349,돈까스/일식,4413325021,충청남도,천안시 서북구,성환읍,성환리,4413325000,성환읍,441334550393,성환9길
S0118350,돈까스/일식,4790036046,경상북도,예천군,호명면,산합리,4790036000,호명면,479003351072,양지로
S0118352,중식,3171025622,울산광역시,울주군,온양읍,대안리,3171025600,온양읍,317104320136,보곡3길
S0118353,중식,3171025622,울산광역시,울주군,온양읍,대안리,3171025600,온양읍,317104320136,보곡3길
S0118354,분식,4115010600,경기도,의정부시,민락동,\N,4115057600,송산2동,411503181035,용민로
S0118355,분식,4115010600,경기도,의정부시,민락동,\N,4115057600,송산2동,411503181035,용민로
S0118356,분식,4115010600,경기도,의정부시,민락동,\N,4115057600,송산2동,411503181035,용민로
S0118359,돈까스/일식,4115010600,경기도,의정부시,민락동,\N,4115057800,송산3동,411504343540,오목로225번길
S0118360,돈까스/일식,4115010600,경기도,의정부시,민락동,\N,4115057800,송산3동,411504343540,오목로225번길
S0118361,돈까스/일식,4115010600,경기도,의정부시,민락동,\N,4115057800,송산3동,411504343540,오목로225번길
S0118362,돈까스/일식,4115010600,경기도,의정부시,민락동,\N,4115057800,송산3동,411504343540,오목로225번길
S0118363,패스트푸드,1150010300,서울특별시,강서구,화곡동,\N,1150056000,화곡3동,115004145052,강서로45길
S0118366,카페/디저트,4817010400,경상남도,진주시,칠암동,\N,4817051500,천전동,481702332003,진주대로
S0118369,회,4817011300,경상남도,진주시,봉곡동,\N,4817055500,성북동,481704796670,비봉로57번길
S0118373,돈까스/일식,2644010400,부산광역시,강서구,명지동,\N,2644053500,명지1동,264403350857,명지국제5로
S0118375,돈까스/일식,4150010200,경기도,이천시,관고동,\N,4150053000,관고동,415004421435,설봉로55번길
S0118379,한식,4115010500,경기도,의정부시,용현동,\N,4115057300,송산1동,411503181060,시민로
S0118380,한식,4115010500,경기도,의정부시,용현동,\N,4115057300,송산1동,411503181060,시민로
S0118381,한식,4115010500,경기도,의정부시,용현동,\N,4115057300,송산1동,411503181060,시민로
S0118382,한식,4115010500,경기도,의정부시,용현동,\N,4115057300,송산1동,411503181060,시민로
S0118386,카페/디저트,4115010600,경기도,의정부시,민락동,\N,4115057800,송산3동,411504343539,오목로205번길
S0118387,카페/디저트,4115010600,경기도,의정부시,민락동,\N,4115057800,송산3동,411504343539,오목로205번길
S0118388,카페/디저트,4115010600,경기도,의정부시,민락동,\N,4115057800,송산3동,411504343539,오목로205번길
S0118392,치킨,4115010900,경기도,의정부시,금오동,\N,4115058000,자금동,411504343342,청사로47번길
S0118393,돈까스/일식,4115011200,경기도,의정부시,고산동,\N,4115057300,송산1동,\N,\N
S0118394,돈까스/일식,4115011200,경기도,의정부시,고산동,\N,4115057300,송산1동,\N,\N
S0118407,회,4115010400,경기도,의정부시,신곡동,\N,4115056800,신곡2동,411503181039,장곡로
S0118408,회,4115010400,경기도,의정부시,신곡동,\N,4115056800,신곡2동,411503181039,장곡로
S0118415,돈까스/일식,1154510100,서울특별시,금천구,가산동,\N,1154551000,가산동,115453117001,가산디지털1로
S0118416,돈까스/일식,4413325022,충청남도,천안시 서북구,성환읍,성월리,4413325000,성환읍,441333250031,성진로
S0118417,돈까스/일식,4413125033,충청남도,천안시 동남구,목천읍,신계리,4413125000,목천읍,441314547219,목천안터2길
S0118422,돈까스/일식,4719025332,경상북도,구미시,고아읍,문성리,4719025300,고아읍,471904724257,문성9길
S0118426,한식,4115010200,경기도,의정부시,호원동,\N,4115054500,호원1동,411503215066,평화로
S0118429,한식,4115011300,경기도,의정부시,산곡동,\N,4115057300,송산1동,411503352504,세석로
S0118430,한식,4115011300,경기도,의정부시,산곡동,\N,4115057300,송산1동,411503352504,세석로
S0118431,찜탕,4115010100,경기도,의정부시,의정부동,\N,4115059500,가능동,411503181002,가능로
S0118432,돈까스/일식,4790036046,경상북도,예천군,호명면,산합리,4790036000,호명면,479003351057,새움3로
S0118433,돈까스/일식,1154510100,서울특별시,금천구,가산동,\N,1154551000,가산동,115454151037,남부순환로108길
S0118436,돈까스/일식,4163011500,경기도,양주시,고암동,\N,4163055000,회천3동,416304436075,고암길
S0118443,카페/디저트,4115010400,경기도,의정부시,신곡동,\N,4115056800,신곡2동,411504343354,추동로91번길
S0118444,피자,4163011000,경기도,양주시,덕정동,\N,4163053000,회천1동,416303212025,회정로
S0118445,돈까스/일식,4715010400,경상북도,김천시,성내동,\N,4715051600,자산동,471502306002,영남대로
S0118446,야식,4115010100,경기도,의정부시,의정부동,\N,4115052000,의정부2동,411503181010,둔야로
S0118447,도시락,4117110100,경기도,안양시 만안구,안양동,\N,4117154000,안양4동,411713182007,병목안로
S0118448,피자,4163011500,경기도,양주시,고암동,\N,4163055000,회천3동,416304436277,엄상동길
S0118449,분식,1154510300,서울특별시,금천구,시흥동,\N,1154567000,시흥1동,115454151315,시흥대로50길
S0118450,중식,4163011600,경기도,양주시,덕계동,\N,4163054000,회천2동,416303215066,평화로
S0118452,도시락,4115010600,경기도,의정부시,민락동,\N,4115057800,송산3동,411503181035,용민로
S0118453,도시락,4115010100,경기도,의정부시,의정부동,\N,4115052000,의정부2동,\N,\N
S0118454,치킨,4119010900,경기도,부천시,상동,\N,4119074400,상동,411904352244,상이로39번길
S0118455,돈까스/일식,4413325022,충청남도,천안시 서북구,성환읍,성월리,4413325000,성환읍,441333250031,성진로
S0118457,족발/보쌈,4115010600,경기도,의정부시,민락동,\N,4115057600,송산2동,411504343295,용현로160번길
S0118463,족발/보쌈,4161025027,경기도,광주시,오포읍,양벌리,4161025000,오포읍,416103211017,양벌로
S0118464,돈까스/일식,4773025022,경상북도,의성군,의성읍,중리리,4773025000,의성읍,477304745053,군청길
S0118467,돈까스/일식,4115010700,경기도,의정부시,낙양동,\N,4115057800,송산3동,411503181035,용민로
S0118468,돈까스/일식,4115010700,경기도,의정부시,낙양동,\N,4115057800,송산3동,411503181035,용민로
S0118474,중식,4115010900,경기도,의정부시,금오동,\N,4115058000,자금동,411504343342,청사로47번길
S0118475,중식,4115010900,경기도,의정부시,금오동,\N,4115058000,자금동,411504343342,청사로47번길
S0118476,중식,4115010900,경기도,의정부시,금오동,\N,4115058000,자금동,411504343342,청사로47번길
S0118479,돈까스/일식,2823710700,인천광역시,부평구,부개동,\N,2823766000,부개2동,282373154027,부평문화로
S0118480,족발/보쌈,2823710700,인천광역시,부평구,부개동,\N,2823766000,부개2동,282373154027,부평문화로
S0118485,돈까스/일식,4715010800,경상북도,김천시,신음동,\N,4715057500,대신동,471503306048,시청로
S0118486,치킨,2644010400,부산광역시,강서구,명지동,\N,2644054500,명지2동,264403136071,명지오션시티12로
S0118491,치킨,4115010600,경기도,의정부시,민락동,\N,4115057600,송산2동,411504343294,용현로159번길
S0118492,돈까스/일식,4421010900,충청남도,서산시,예천동,\N,4421055000,석남동,442103352392,예천4로
S0118493,돈까스/일식,4421010900,충청남도,서산시,예천동,\N,4421055000,석남동,442103352392,예천4로
S0118494,야식,4115010900,경기도,의정부시,금오동,\N,4115058000,자금동,411504343342,청사로47번길
S0118495,야식,4115010900,경기도,의정부시,금오동,\N,4115058000,자금동,411504343342,청사로47번길
S0118496,야식,4115010900,경기도,의정부시,금오동,\N,4115058000,자금동,411504343342,청사로47번길
S0118497,야식,4115010900,경기도,의정부시,금오동,\N,4115058000,자금동,411504343342,청사로47번길
S0118509,돈까스/일식,1154510300,서울특별시,금천구,시흥동,\N,1154567000,시흥1동,115454151073,독산로25길
S0118511,찜탕,4161025027,경기도,광주시,오포읍,양벌리,4161025000,오포읍,416104433167,마루들길
S0118512,돈까스/일식,1154510100,서울특별시,금천구,가산동,\N,1154551000,가산동,115453116013,벚꽃로
S0118517,치킨,4115010100,경기도,의정부시,의정부동,\N,4115051000,의정부1동,411503181062,태평로
S0118518,치킨,4115010100,경기도,의정부시,의정부동,\N,4115051000,의정부1동,411503181062,태평로
S0118519,치킨,4115010100,경기도,의정부시,의정부동,\N,4115051000,의정부1동,411503181062,태평로
S0118520,돈까스/일식,4115010400,경기도,의정부시,신곡동,\N,4115056800,신곡2동,411503181049,추동로
S0118521,치킨,4115010600,경기도,의정부시,민락동,\N,4115057600,송산2동,411503181027,승지로
S0118523,도시락,1153010200,서울특별시,구로구,구로동,\N,1153054000,구로3동,115304148335,디지털로31길
S0118525,한식,4115010200,경기도,의정부시,호원동,\N,4115055500,호원2동,411503215066,평화로
S0118526,한식,4115010200,경기도,의정부시,호원동,\N,4115055500,호원2동,411503215066,평화로
S0118527,찜탕,4115010100,경기도,의정부시,의정부동,\N,4115052000,의정부2동,411504343253,신흥로232번길
S0118528,찜탕,4115010100,경기도,의정부시,의정부동,\N,4115052000,의정부2동,411504343253,신흥로232번길
S0118529,찜탕,4115010100,경기도,의정부시,의정부동,\N,4115052000,의정부2동,411504343253,신흥로232번길
S0118535,카페/디저트,4115010600,경기도,의정부시,민락동,\N,4115057800,송산3동,411504343539,오목로205번길
S0118536,카페/디저트,4115010600,경기도,의정부시,민락동,\N,4115057800,송산3동,411504343539,오목로205번길
S0118537,카페/디저트,4115010600,경기도,의정부시,민락동,\N,4115057800,송산3동,411504343539,오목로205번길
S0118538,카페/디저트,4115010600,경기도,의정부시,민락동,\N,4115057800,송산3동,411504343539,오목로205번길
S0118539,카페/디저트,4115010600,경기도,의정부시,민락동,\N,4115057800,송산3동,411504343539,오목로205번길
S0118540,카페/디저트,4115010600,경기도,의정부시,민락동,\N,4115057800,송산3동,411504343539,오목로205번길
S0118541,찜탕,4115010600,경기도,의정부시,민락동,\N,4115057600,송산2동,411503181035,용민로
S0118542,찜탕,4115010600,경기도,의정부시,민락동,\N,4115057600,송산2동,411503181035,용민로
S0118543,치킨,4115010600,경기도,의정부시,민락동,\N,4115057800,송산3동,411504343540,오목로225번길
S0118544,치킨,4623010800,전라남도,광양시,광영동,\N,4623054000,광영동,462303285004,광영로
S0118553,패스트푸드,4115010600,경기도,의정부시,민락동,\N,4115057800,송산3동,411504343539,오목로205번길
S0118554,찜탕,4127110200,경기도,안산시 상록구,이동,\N,4127151500,이동,412713190020,도매시장로
S0118555,치킨,4119010900,경기도,부천시,상동,\N,4119074400,상동,411904352244,상이로39번길
S0118556,치킨,4119010900,경기도,부천시,상동,\N,4119074400,상동,411904352244,상이로39번길
S0118557,배달전문업체,4715010500,경상북도,김천시,평화동,\N,4715053600,평화남산동,471504718109,구름다리길
S0118558,중식,4773025022,경상북도,의성군,의성읍,중리리,4773025000,의성읍,477304745140,동서1길
S0118559,치킨,4115010900,경기도,의정부시,금오동,\N,4115058000,자금동,411503181007,금오로
S0118561,돈까스/일식,4413325022,충청남도,천안시 서북구,성환읍,성월리,4413325000,성환읍,441333250031,성진로
S0118564,족발/보쌈,4115010600,경기도,의정부시,민락동,\N,4115057600,송산2동,411504343289,용현로105번길
S0118569,야식,4719010100,경상북도,구미시,원평동,\N,4719053500,원평동,471904724066,구미중앙로17길
S0118575,치킨,4115010600,경기도,의정부시,민락동,\N,4115057600,송산2동,411503181033,오목로
S0118576,치킨,4115010600,경기도,의정부시,민락동,\N,4115057600,송산2동,411503181033,오목로
S0118577,치킨,4115010600,경기도,의정부시,민락동,\N,4115057600,송산2동,411503181033,오목로
S0118578,치킨,4115010600,경기도,의정부시,민락동,\N,4115057600,송산2동,411503181033,오목로
S0118579,치킨,4115010600,경기도,의정부시,민락동,\N,4115057600,송산2동,411503181033,오목로
S0118580,치킨,4115010600,경기도,의정부시,민락동,\N,4115057600,송산2동,411503181033,오목로
S0118581,치킨,4115010600,경기도,의정부시,민락동,\N,4115057600,송산2동,411503181033,오목로
S0118582,치킨,4115010600,경기도,의정부시,민락동,\N,4115057600,송산2동,411503181033,오목로
S0118591,아시안/양식,1156013200,서울특별시,영등포구,신길동,\N,1156066000,신길4동,115603000023,가마산로
S0118592,카페/디저트,4115010600,경기도,의정부시,민락동,\N,4115057800,송산3동,411503181035,용민로
S0118593,카페/디저트,4115010600,경기도,의정부시,민락동,\N,4115057800,송산3동,411503181035,용민로
S0118595,한식,4119011500,경기도,부천시,옥길동,\N,4119079500,범안동,411904853795,양지로171번길
S0118598,찜탕,1154510300,서울특별시,금천구,시흥동,\N,1154567000,시흥1동,115453117004,독산로
S0118599,피자,4817013100,경상남도,진주시,가좌동,\N,4817074000,가호동,481703332004,개양로
S0118600,한식,4127110200,경기도,안산시 상록구,이동,\N,4127151500,이동,412713190020,도매시장로
S0118605,카페/디저트,1165010100,서울특별시,서초구,방배동,\N,1165059000,방배본동,116503121004,동광로
S0118606,치킨,4115010700,경기도,의정부시,낙양동,\N,4115057800,송산3동,411503181035,용민로
S0118607,치킨,4115010700,경기도,의정부시,낙양동,\N,4115057800,송산3동,411503181035,용민로
S0118608,치킨,4115010700,경기도,의정부시,낙양동,\N,4115057800,송산3동,411503181035,용민로
S0118612,야식,4617025023,전라남도,나주시,남평읍,동사리,4617025000,남평읍,461704685312,강변2길
S0118613,중식,4115010400,경기도,의정부시,신곡동,\N,4115056800,신곡2동,411503181019,부용로
S0118614,중식,4115010400,경기도,의정부시,신곡동,\N,4115056800,신곡2동,411503181019,부용로
S0118615,중식,4115010400,경기도,의정부시,신곡동,\N,4115056800,신곡2동,411503181019,부용로
S0118616,중식,4115010400,경기도,의정부시,신곡동,\N,4115056800,신곡2동,411503181019,부용로
S0118617,중식,4115010400,경기도,의정부시,신곡동,\N,4115056800,신곡2동,411503181019,부용로
S0118619,돈까스/일식,1162010100,서울특별시,관악구,봉천동,\N,1162060500,은천동,116203005083,봉천로
S0118620,돈까스/일식,1162010100,서울특별시,관악구,봉천동,\N,1162060500,은천동,116203005083,봉천로
S0118621,카페/디저트,4115010600,경기도,의정부시,민락동,\N,4115057800,송산3동,411503181033,오목로
S0118622,피자,1154510100,서울특별시,금천구,가산동,\N,1154551000,가산동,115453000026,디지털로
S0118624,분식,4115010100,경기도,의정부시,의정부동,\N,4115052000,의정부2동,411504343114,둔야로17번길
S0118625,분식,4115010100,경기도,의정부시,의정부동,\N,4115052000,의정부2동,411504343114,둔야로17번길
S0118626,분식,4115010100,경기도,의정부시,의정부동,\N,4115052000,의정부2동,411504343114,둔야로17번길
S0118632,배달전문업체,4723010200,경상북도,영천시,망정동,\N,4723051000,동부동,472303310009,망정로
S0118635,치킨,4161025027,경기도,광주시,오포읍,양벌리,4161025000,오포읍,416103211017,양벌로
S0118637,카페/디저트,4115010600,경기도,의정부시,민락동,\N,4115057800,송산3동,411504343539,오목로205번길
S0118638,카페/디저트,4115010600,경기도,의정부시,민락동,\N,4115057800,송산3동,411504343539,오목로205번길
S0118639,카페/디저트,4115010600,경기도,의정부시,민락동,\N,4115057800,송산3동,411504343539,오목로205번길
S0118640,카페/디저트,4115010600,경기도,의정부시,민락동,\N,4115057600,송산2동,411504343289,용현로105번길
S0118641,카페/디저트,4115010600,경기도,의정부시,민락동,\N,4115057600,송산2동,411504343289,용현로105번길
S0118642,카페/디저트,4115010600,경기도,의정부시,민락동,\N,4115057600,송산2동,411504343289,용현로105번길
S0118643,카페/디저트,4115010600,경기도,의정부시,민락동,\N,4115057600,송산2동,411504343289,용현로105번길
S0118644,카페/디저트,4115010600,경기도,의정부시,민락동,\N,4115057600,송산2동,411504343289,용현로105번길
S0118645,카페/디저트,4157025626,경기도,김포시,양촌읍,학운리,4157025600,양촌읍,415703209133,황금로
S0118647,카페/디저트,4115010100,경기도,의정부시,의정부동,\N,4115052000,의정부2동,411503181029,신흥로
S0118648,심부름,4115010900,경기도,의정부시,금오동,\N,4115058000,자금동,411503000136,호국로
S0118650,카페/디저트,4115010600,경기도,의정부시,민락동,\N,4115057600,송산2동,411503181056,효자로
S0118652,카페/디저트,4115010100,경기도,의정부시,의정부동,\N,4115051000,의정부1동,411503181062,태평로
S0118654,심부름,4115010100,경기도,의정부시,의정부동,\N,4115051000,의정부1동,411504343370,태평로156번길
S0118655,심부름,4115010100,경기도,의정부시,의정부동,\N,4115051000,의정부1동,411503000136,호국로
S0118659,심부름,4115010100,경기도,의정부시,의정부동,\N,4115051000,의정부1동,411503181062,태평로
S0118660,심부름,4115010100,경기도,의정부시,의정부동,\N,4115051000,의정부1동,411503181062,태평로
S0118662,카페/디저트,4115010100,경기도,의정부시,의정부동,\N,4115051000,의정부1동,411503181062,태평로
S0118663,카페/디저트,4115010600,경기도,의정부시,민락동,\N,4115057600,송산2동,411503181036,용현로
S0118664,카페/디저트,4115010100,경기도,의정부시,의정부동,\N,4115051000,의정부1동,411504343382,태평로73번길
S0118667,치킨,4115010200,경기도,의정부시,호원동,\N,4115054500,호원1동,411504343125,망월로28번길
S0118668,심부름,4115010900,경기도,의정부시,금오동,\N,4115058000,자금동,411503000136,호국로
S0118671,카페/디저트,4115010600,경기도,의정부시,민락동,\N,4115057600,송산2동,411503181036,용현로
S0118672,심부름,4115010900,경기도,의정부시,금오동,\N,4115058000,자금동,411503000136,호국로
S0118673,한식,4115010100,경기도,의정부시,의정부동,\N,4115051000,의정부1동,411504343419,평화로562번길
S0118676,카페/디저트,4115010900,경기도,의정부시,금오동,\N,4115058000,자금동,411503000136,호국로
S0118677,카페/디저트,4115010600,경기도,의정부시,민락동,\N,4115057600,송산2동,411504343293,용현로150번길
S0118679,심부름,4115010100,경기도,의정부시,의정부동,\N,4115052000,의정부2동,411503181029,신흥로
S0118685,카페/디저트,4115010900,경기도,의정부시,금오동,\N,4115058000,자금동,411503181007,금오로
S0118687,돈까스/일식,4165025021,경기도,포천시,소흘읍,송우리,4165025000,소흘읍,416503213022,솔모루로
S0118689,카페/디저트,4115010600,경기도,의정부시,민락동,\N,4115057800,송산3동,411504343543,용민로489번길
S0118692,심부름,1135010500,서울특별시,노원구,상계동,\N,1135063000,상계1동,113503000001,동일로
S0118697,카페/디저트,4115010600,경기도,의정부시,민락동,\N,4115057600,송산2동,411503181036,용현로
S0118698,한식,4115010900,경기도,의정부시,금오동,\N,4115058000,자금동,411503181022,상금로
S0118703,심부름,4115010100,경기도,의정부시,의정부동,\N,4115051000,의정부1동,411503215066,평화로
S0118713,심부름,4115010900,경기도,의정부시,금오동,\N,4115058000,자금동,411503000136,호국로
S0118716,카페/디저트,4115010600,경기도,의정부시,민락동,\N,4115057600,송산2동,411504343293,용현로150번길
S0118722,카페/디저트,4115010600,경기도,의정부시,민락동,\N,4115057800,송산3동,411503181013,민락로
S0118723,심부름,1135010500,서울특별시,노원구,상계동,\N,1135067000,상계5동,113504130428,한글비석로52길
S0118724,심부름,4115010900,경기도,의정부시,금오동,\N,4115058000,자금동,411503000136,호국로
S0118725,카페/디저트,4115010300,경기도,의정부시,장암동,\N,4115056100,장암동,411503181039,장곡로
S0118729,아시안/양식,4115010100,경기도,의정부시,의정부동,\N,4115051000,의정부1동,411503215066,평화로
S0118730,돈까스/일식,1150010600,서울특별시,강서구,내발산동,\N,1150061500,우장산동,115003115001,강서로
S0118733,족발/보쌈,4115011000,경기도,의정부시,가능동,\N,4115059500,가능동,411504343265,신흥로354번길
S0118736,카페/디저트,4115010600,경기도,의정부시,민락동,\N,4115057600,송산2동,411503181036,용현로
S0118737,카페/디저트,4115010600,경기도,의정부시,민락동,\N,4115057600,송산2동,411503181036,용현로
S0118738,치킨,4161025027,경기도,광주시,오포읍,양벌리,4161025000,오포읍,416103211017,양벌로
S0118739,한식,4115010100,경기도,의정부시,의정부동,\N,4115052000,의정부2동,411503181017,범골로
S0118740,야식,4617025023,전라남도,나주시,남평읍,동사리,4617025000,남평읍,461704685313,강변1길
S0118741,돈까스/일식,1154510100,서울특별시,금천구,가산동,\N,1154551000,가산동,115453117001,가산디지털1로
S0118743,피자,4115010900,경기도,의정부시,금오동,\N,4115058000,자금동,411503181019,부용로
S0118744,피자,4115010900,경기도,의정부시,금오동,\N,4115058000,자금동,411503181019,부용로
S0118745,피자,4115010900,경기도,의정부시,금오동,\N,4115058000,자금동,411503181019,부용로
S0118746,피자,4115010900,경기도,의정부시,금오동,\N,4115058000,자금동,411503181019,부용로
S0118747,피자,4115010900,경기도,의정부시,금오동,\N,4115058000,자금동,411503181019,부용로
S0118748,피자,4115010900,경기도,의정부시,금오동,\N,4115058000,자금동,411503181019,부용로
S0118749,회,4115010400,경기도,의정부시,신곡동,\N,4115056800,신곡2동,411503181039,장곡로
S0118752,카페/디저트,4115010600,경기도,의정부시,민락동,\N,4115057800,송산3동,\N,\N
S0118753,카페/디저트,4115010600,경기도,의정부시,민락동,\N,4115057800,송산3동,\N,\N
S0118754,카페/디저트,4115010600,경기도,의정부시,민락동,\N,4115057800,송산3동,\N,\N
S0118755,돈까스/일식,4413325022,충청남도,천안시 서북구,성환읍,성월리,4413325000,성환읍,441333250031,성진로
S0118761,분식,1154510100,서울특별시,금천구,가산동,\N,1154551000,가산동,115453116013,벚꽃로
